id;player_id;choice_id;timestamp
1;1;3;2026-01-23 20:37:33.214774
2;1;7;2026-01-23 20:37:38.145245
3;1;9;2026-01-23 20:37:40.942313
4;1;11;2026-01-23 20:37:42.227092
5;1;13;2026-01-23 20:37:42.998979
6;1;14;2026-01-23 20:37:43.527816
7;1;20;2026-01-23 20:37:46.128805
8;1;25;2026-01-23 20:37:46.864984
9;1;28;2026-01-23 20:37:49.94135
10;1;30;2026-01-23 20:37:51.060571
11;1;31;2026-01-23 20:37:52.207434
12;1;35;2026-01-23 20:38:08.123186
13;1;38;2026-01-23 20:38:09.055643
14;1;45;2026-01-23 20:38:09.964969
15;1;50;2026-01-23 20:38:10.746133
16;1;53;2026-01-23 20:38:11.365269
17;1;66;2026-01-23 20:38:16.090296
18;1;68;2026-01-23 20:38:16.761082
19;1;71;2026-01-23 20:38:21.848237
20;1;75;2026-01-23 20:38:27.624244
21;1;83;2026-01-23 20:38:32.240371
22;1;85;2026-01-23 20:38:33.514569
23;1;91;2026-01-23 20:38:50.946354
24;1;93;2026-01-23 20:38:52.185855
25;1;95;2026-01-23 20:38:55.040357
26;1;105;2026-01-23 20:38:56.691829
27;1;108;2026-01-23 20:39:27.506903
28;1;110;2026-01-23 20:39:28.888173
29;2;1;2026-01-23 20:46:32.680057
30;2;2;2026-01-23 20:46:34.98444
31;2;3;2026-01-23 20:46:37.018878
32;2;5;2026-01-23 20:46:37.722515
33;2;9;2026-01-23 20:46:39.721536
34;2;11;2026-01-23 20:46:40.132575
35;2;13;2026-01-23 20:46:40.688322
36;2;14;2026-01-23 20:46:41.114378
37;2;16;2026-01-23 20:46:41.65402
38;2;25;2026-01-23 20:46:42.069283
39;2;28;2026-01-23 20:46:43.581333
40;2;29;2026-01-23 20:46:44.133519
41;2;32;2026-01-23 20:46:44.596965
42;2;33;2026-01-23 20:46:46.457293
43;2;37;2026-01-23 20:46:46.859075
44;2;41;2026-01-23 20:46:47.593072
45;2;48;2026-01-23 20:46:47.953211
46;2;62;2026-01-23 20:46:49.547044
47;2;67;2026-01-23 20:46:49.891249
48;2;71;2026-01-23 20:46:51.465192
49;2;74;2026-01-23 20:46:53.631022
50;2;76;2026-01-23 20:46:54.151175
51;2;80;2026-01-23 20:46:54.790954
52;2;84;2026-01-23 20:46:55.317913
53;2;87;2026-01-23 20:46:55.879613
54;2;96;2026-01-23 20:46:56.582114
55;2;98;2026-01-23 20:46:57.276995
56;2;103;2026-01-23 20:46:58.844706
57;2;106;2026-01-23 20:47:02.291572
58;2;109;2026-01-23 20:47:02.969042
59;4;2;2026-01-23 21:03:32.370577
60;4;1;2026-01-23 21:03:46.715923
61;4;3;2026-01-23 21:03:49.853767
62;4;4;2026-01-23 21:04:08.149653
63;4;8;2026-01-23 21:04:19.746808
64;4;9;2026-01-23 21:04:21.331976
65;4;10;2026-01-23 21:04:28.690195
66;4;13;2026-01-23 21:04:30.184747
67;4;14;2026-01-23 21:04:32.963212
68;4;19;2026-01-23 21:04:34.66763
69;4;25;2026-01-23 21:04:35.732441
70;4;28;2026-01-23 21:04:39.283862
71;4;30;2026-01-23 21:04:42.973445
72;4;31;2026-01-23 21:04:48.417126
73;4;35;2026-01-23 21:04:53.122207
74;4;39;2026-01-23 21:04:55.486425
75;4;43;2026-01-23 21:04:57.719891
76;4;50;2026-01-23 21:04:58.815198
77;4;55;2026-01-23 21:04:59.988528
78;4;54;2026-01-23 21:05:02.745808
79;4;66;2026-01-23 21:05:10.717729
80;4;68;2026-01-23 21:05:13.188165
81;4;73;2026-01-23 21:05:17.136541
82;4;75;2026-01-23 21:05:22.567903
83;4;82;2026-01-23 21:05:23.748172
84;4;86;2026-01-23 21:05:24.388492
85;4;94;2026-01-23 21:05:26.6631
86;4;97;2026-01-23 21:05:27.543896
87;4;100;2026-01-23 21:05:28.486254
88;4;105;2026-01-23 21:05:30.929095
89;4;108;2026-01-23 21:05:36.514784
90;4;110;2026-01-23 21:05:38.115742
91;6;2;2026-01-23 21:08:36.345165
92;6;3;2026-01-23 21:08:43.076081
93;6;7;2026-01-23 21:08:55.444235
94;6;8;2026-01-23 21:09:02.873869
95;6;9;2026-01-23 21:09:07.083554
96;6;11;2026-01-23 21:09:09.410795
97;6;13;2026-01-23 21:09:11.602875
98;6;14;2026-01-23 21:09:15.411532
99;8;1;2026-01-23 21:22:30.130452
100;8;2;2026-01-23 21:22:40.2118
101;8;3;2026-01-23 21:22:53.883142
102;8;6;2026-01-23 21:23:05.708867
103;8;9;2026-01-23 21:23:13.973165
104;8;11;2026-01-23 21:23:23.891562
105;8;13;2026-01-23 21:23:29.460499
106;8;14;2026-01-23 21:23:34.628372
107;8;16;2026-01-23 21:23:51.399976
108;8;25;2026-01-23 21:23:56.676314
109;8;28;2026-01-23 21:24:03.594303
110;8;29;2026-01-23 21:24:05.996832
111;8;32;2026-01-23 21:24:09.491848
112;8;33;2026-01-23 21:24:33.641557
113;8;38;2026-01-23 21:24:43.10014
114;8;42;2026-01-23 21:24:48.919926
115;8;49;2026-01-23 21:24:51.63157
116;8;61;2026-01-23 21:25:02.550086
117;8;58;2026-01-23 21:25:03.707656
118;8;57;2026-01-23 21:25:13.257587
119;8;64;2026-01-23 21:25:20.445419
120;8;69;2026-01-23 21:25:21.9322
121;8;72;2026-01-23 21:25:34.67814
122;8;74;2026-01-23 21:25:40.89662
123;8;77;2026-01-23 21:25:47.089076
124;8;81;2026-01-23 21:25:52.538174
125;8;85;2026-01-23 21:25:56.79988
126;8;90;2026-01-23 21:26:03.031947
127;8;96;2026-01-23 21:26:05.660042
128;8;99;2026-01-23 21:26:09.502778
129;8;105;2026-01-23 21:26:17.685629
130;8;106;2026-01-23 21:26:32.473586
131;8;112;2026-01-23 21:26:40.311859
132;9;3;2026-01-23 21:29:12.894066
133;9;7;2026-01-23 21:29:18.808715
134;9;9;2026-01-23 21:29:29.967786
135;9;11;2026-01-23 21:29:50.910974
136;9;13;2026-01-23 21:29:56.856428
137;9;14;2026-01-23 21:30:00.851514
138;9;15;2026-01-23 21:30:04.417366
139;9;24;2026-01-23 21:30:06.629918
140;9;27;2026-01-23 21:30:15.091177
141;9;30;2026-01-23 21:30:22.222885
142;9;31;2026-01-23 21:30:32.514752
143;9;34;2026-01-23 21:30:43.161573
144;9;39;2026-01-23 21:30:49.376708
145;9;45;2026-01-23 21:31:00.616037
146;9;48;2026-01-23 21:31:05.424348
147;9;65;2026-01-23 21:31:22.988098
148;9;68;2026-01-23 21:31:27.918444
149;9;73;2026-01-23 21:31:42.086062
150;9;74;2026-01-23 21:31:50.422491
151;9;79;2026-01-23 21:31:54.411106
152;9;80;2026-01-23 21:31:58.809681
153;9;85;2026-01-23 21:32:05.936977
154;9;91;2026-01-23 21:32:15.926559
155;9;94;2026-01-23 21:32:19.157879
156;9;97;2026-01-23 21:32:21.909225
157;9;102;2026-01-23 21:32:26.83792
158;9;105;2026-01-23 21:32:37.614445
159;9;107;2026-01-23 21:32:50.640121
160;9;113;2026-01-23 21:32:54.722135
161;10;3;2026-01-26 11:55:50.660607
162;10;5;2026-01-26 11:55:51.349622
163;10;8;2026-01-26 11:55:53.621213
164;10;9;2026-01-26 11:55:54.738737
165;10;10;2026-01-26 11:55:55.584665
166;10;13;2026-01-26 11:55:56.342778
167;10;14;2026-01-26 11:55:57.063268
168;10;15;2026-01-26 11:55:57.7992
169;10;24;2026-01-26 11:55:58.449716
170;10;27;2026-01-26 11:56:00.454598
171;10;29;2026-01-26 11:56:01.359093
172;10;31;2026-01-26 11:56:02.08154
173;10;33;2026-01-26 11:56:04.851144
174;10;37;2026-01-26 11:56:05.473279
175;10;41;2026-01-26 11:56:06.11756
176;10;48;2026-01-26 11:56:06.74129
177;10;62;2026-01-26 11:56:08.848115
178;10;67;2026-01-26 11:56:09.553068
179;10;71;2026-01-26 11:56:11.589623
180;10;75;2026-01-26 11:56:14.636914
181;10;81;2026-01-26 11:56:17.696034
182;10;85;2026-01-26 11:56:21.630539
183;10;91;2026-01-26 11:56:24.651404
184;10;94;2026-01-26 11:56:26.230171
185;10;95;2026-01-26 11:56:28.076426
186;10;104;2026-01-26 11:56:30.692234
187;10;106;2026-01-26 11:56:33.558948
188;10;112;2026-01-26 11:56:40.542849
189;11;3;2026-01-26 20:31:55.328364
190;11;6;2026-01-26 20:31:55.906718
191;11;9;2026-01-26 20:31:57.96133
192;11;11;2026-01-26 20:32:02.794932
193;11;13;2026-01-26 20:32:03.888615
194;11;14;2026-01-26 20:32:04.894111
195;11;16;2026-01-26 20:32:06.024203
196;11;25;2026-01-26 20:32:07.236068
197;11;28;2026-01-26 20:32:09.144871
198;11;29;2026-01-26 20:32:09.992162
199;11;32;2026-01-26 20:32:11.17704
200;11;34;2026-01-26 20:32:13.914463
201;11;38;2026-01-26 20:32:14.72475
202;11;42;2026-01-26 20:32:15.619623
203;11;49;2026-01-26 20:32:16.316673
204;11;59;2026-01-26 20:32:22.794962
205;11;62;2026-01-26 20:32:24.81822
206;11;67;2026-01-26 20:32:25.376253
207;11;71;2026-01-26 20:32:27.42937
208;11;74;2026-01-26 20:32:30.518983
209;11;76;2026-01-26 20:32:31.422789
210;11;80;2026-01-26 20:32:32.205665
211;11;84;2026-01-26 20:32:32.884695
212;11;87;2026-01-26 20:32:33.644804
213;11;95;2026-01-26 20:32:34.349138
214;11;103;2026-01-26 20:32:35.043221
215;11;106;2026-01-26 20:32:38.108244
216;11;109;2026-01-26 20:32:38.93787
217;12;3;2026-01-26 20:33:13.337751
218;12;6;2026-01-26 20:33:13.933975
219;12;9;2026-01-26 20:33:15.984689
220;12;12;2026-01-26 20:33:16.504074
221;12;13;2026-01-26 20:33:17.215318
222;12;14;2026-01-26 20:33:17.914175
223;12;23;2026-01-26 20:33:18.933389
224;12;26;2026-01-26 20:33:19.539681
225;12;28;2026-01-26 20:33:21.341143
226;12;29;2026-01-26 20:33:21.823859
227;12;32;2026-01-26 20:33:22.377105
228;12;35;2026-01-26 20:33:24.474789
229;12;39;2026-01-26 20:33:24.956618
230;12;46;2026-01-26 20:33:25.914276
231;12;50;2026-01-26 20:33:26.674533
232;12;55;2026-01-26 20:33:27.266032
233;12;54;2026-01-26 20:33:28.421888
234;12;64;2026-01-26 20:33:31.524313
235;12;69;2026-01-26 20:33:32.125523
236;12;73;2026-01-26 20:33:33.888186
237;12;75;2026-01-26 20:33:36.43694
238;12;82;2026-01-26 20:33:37.342434
239;12;86;2026-01-26 20:33:37.986256
240;12;94;2026-01-26 20:33:39.714441
241;12;97;2026-01-26 20:33:40.292109
242;12;100;2026-01-26 20:33:40.936881
243;12;104;2026-01-26 20:33:43.022417
244;12;108;2026-01-26 20:33:44.567586
245;12;111;2026-01-26 20:33:45.558599
246;13;2;2026-01-26 20:34:48.755701
247;13;3;2026-01-26 20:34:50.664929
248;13;6;2026-01-26 20:34:51.497524
249;13;9;2026-01-26 20:34:53.698124
250;13;11;2026-01-26 20:34:54.498543
251;13;13;2026-01-26 20:34:55.722206
252;13;14;2026-01-26 20:34:56.277082
253;13;17;2026-01-26 20:34:57.004049
254;13;26;2026-01-26 20:34:57.596656
255;13;28;2026-01-26 20:34:59.966077
256;13;29;2026-01-26 20:35:00.709904
257;13;32;2026-01-26 20:35:01.523791
258;13;34;2026-01-26 20:35:03.396423
259;13;38;2026-01-26 20:35:04.197426
260;13;42;2026-01-26 20:35:04.841461
261;13;49;2026-01-26 20:35:05.391004
262;13;60;2026-01-26 20:35:10.075388
263;13;54;2026-01-26 20:35:10.48732
264;13;64;2026-01-26 20:35:12.680288
265;13;68;2026-01-26 20:35:13.294093
266;13;72;2026-01-26 20:35:15.485665
267;13;75;2026-01-26 20:35:19.048233
268;13;82;2026-01-26 20:35:19.81854
269;13;86;2026-01-26 20:35:20.489244
270;13;94;2026-01-26 20:35:22.352934
271;13;97;2026-01-26 20:35:22.955557
272;13;100;2026-01-26 20:35:23.952847
273;13;105;2026-01-26 20:35:25.691111
274;13;108;2026-01-26 20:35:29.980894
275;13;111;2026-01-26 20:35:30.886792
276;14;2;2026-01-27 12:11:31.529734
277;15;2;2026-01-27 12:40:34.293399
278;15;3;2026-01-27 12:41:28.411693
279;15;4;2026-01-27 12:45:12.184104
280;15;8;2026-01-27 12:47:21.320707
281;15;9;2026-01-27 12:49:17.116077
282;15;10;2026-01-27 12:51:15.196997
283;15;13;2026-01-27 12:52:58.737939
284;15;14;2026-01-27 12:53:56.607074
285;15;15;2026-01-27 12:55:56.025153
286;15;24;2026-01-27 12:58:00.533816
287;16;2;2026-01-27 14:39:09.214677
288;17;2;2026-01-27 14:44:33.169796
289;17;1;2026-01-27 14:44:38.61878
290;17;3;2026-01-27 14:44:41.949385
291;17;4;2026-01-27 14:44:47.752251
292;17;8;2026-01-27 14:45:01.072301
293;17;9;2026-01-27 14:45:05.365727
294;17;11;2026-01-27 14:53:16.279675
295;17;13;2026-01-27 14:54:42.882551
296;17;14;2026-01-27 14:54:47.389328
297;17;19;2026-01-27 14:56:09.520155
298;17;25;2026-01-27 14:56:13.450152
299;18;2;2026-01-27 14:57:13.580466
300;17;27;2026-01-27 14:57:23.237855
301;17;29;2026-01-27 14:59:44.942925
302;17;31;2026-01-27 14:59:51.583893
303;18;1;2026-01-27 15:04:49.509173
304;19;1;2026-01-27 15:17:00.347584
305;19;2;2026-01-27 15:19:02.634217
306;19;3;2026-01-27 15:20:22.93029
307;19;5;2026-01-27 15:22:17.987338
308;19;9;2026-01-27 15:32:44.611044
309;19;11;2026-01-27 15:34:05.446188
310;19;13;2026-01-27 15:35:59.656561
311;19;14;2026-01-27 15:36:12.424782
312;19;16;2026-01-27 15:36:55.831799
313;19;25;2026-01-27 15:37:31.121267
314;19;27;2026-01-27 15:39:56.473108
315;19;30;2026-01-27 15:44:28.126368
316;19;31;2026-01-27 15:46:59.344951
317;19;33;2026-01-27 15:53:41.509058
318;19;37;2026-01-27 15:59:33.283036
319;19;47;2026-01-27 16:05:52.153765
320;19;41;2026-01-27 16:07:24.156486
321;19;50;2026-01-27 16:10:12.10563
322;19;53;2026-01-27 16:12:11.168007
323;19;62;2026-01-27 16:17:25.116104
324;19;67;2026-01-27 16:20:33.884308
325;19;73;2026-01-27 16:24:23.06796
326;19;74;2026-01-27 16:32:40.399503
327;19;79;2026-01-27 16:36:48.809439
328;19;80;2026-01-27 16:38:18.61329
329;19;86;2026-01-27 16:41:15.783956
330;19;94;2026-01-27 16:45:07.125529
331;19;96;2026-01-27 16:48:13.14882
332;19;101;2026-01-27 16:49:15.05443
333;19;104;2026-01-27 16:52:19.683189
334;19;106;2026-01-27 16:56:16.868186
335;19;110;2026-01-27 17:01:38.621805
336;18;3;2026-01-27 17:14:48.427155
337;20;2;2026-01-27 17:14:58.40054
338;20;3;2026-01-27 17:16:40.539917
339;18;6;2026-01-27 17:17:16.787567
340;18;8;2026-01-27 17:19:04.034034
341;20;6;2026-01-27 17:19:15.629309
342;18;9;2026-01-27 17:21:35.854917
343;20;8;2026-01-27 17:22:42.270062
344;20;9;2026-01-27 17:25:02.796975
345;18;11;2026-01-27 17:26:37.63803
346;20;12;2026-01-27 17:26:53.068356
347;20;13;2026-01-27 17:28:16.70691
348;20;14;2026-01-27 17:28:28.217846
349;20;23;2026-01-27 17:29:40.666318
350;18;13;2026-01-27 17:29:51.60554
351;18;14;2026-01-27 17:30:20.240631
352;20;25;2026-01-27 17:30:55.603286
353;18;15;2026-01-27 17:31:41.943849
354;20;28;2026-01-27 17:33:10.925592
355;18;24;2026-01-27 17:33:11.960722
356;20;30;2026-01-27 17:34:09.155981
357;20;32;2026-01-27 17:36:57.253125
358;18;28;2026-01-27 17:37:49.612419
359;18;30;2026-01-27 17:39:00.99609
360;18;31;2026-01-27 17:39:20.334597
361;20;34;2026-01-27 17:44:29.766922
362;20;38;2026-01-27 17:46:02.516391
363;20;45;2026-01-27 17:47:47.954156
364;20;51;2026-01-27 17:54:30.477147
365;20;57;2026-01-27 17:56:06.224864
366;20;65;2026-01-27 17:57:57.108639
367;20;69;2026-01-27 17:59:29.043222
368;20;72;2026-01-27 18:10:01.747867
369;20;75;2026-01-27 18:11:48.222759
370;20;81;2026-01-27 18:13:00.998934
371;20;85;2026-01-27 18:16:38.753543
372;20;91;2026-01-27 18:18:45.732626
373;20;94;2026-01-27 18:20:57.298605
374;20;97;2026-01-27 18:22:06.423581
375;20;102;2026-01-27 18:23:51.847848
376;20;105;2026-01-27 18:24:58.266484
377;20;108;2026-01-27 18:28:35.32317
378;20;113;2026-01-27 18:29:54.421995
379;21;1;2026-01-27 18:36:18.249378
380;21;2;2026-01-27 18:36:24.806644
381;21;3;2026-01-27 18:36:32.817414
382;21;7;2026-01-27 18:38:30.513178
383;21;9;2026-01-27 18:38:37.155268
384;21;10;2026-01-27 18:38:50.04092
385;21;13;2026-01-27 18:38:54.289371
386;21;14;2026-01-27 18:38:55.353823
387;21;22;2026-01-27 18:38:59.816973
388;21;26;2026-01-27 18:39:01.819109
389;21;28;2026-01-27 18:39:06.225993
390;21;30;2026-01-27 18:39:08.896955
391;21;32;2026-01-27 18:39:15.690681
392;21;35;2026-01-27 18:39:58.531104
393;21;38;2026-01-27 18:40:04.547528
394;21;46;2026-01-27 18:40:13.37617
395;21;49;2026-01-27 18:40:27.55376
396;21;61;2026-01-27 18:44:20.357169
397;21;58;2026-01-27 18:44:24.349613
398;21;57;2026-01-27 18:44:25.686751
399;21;65;2026-01-27 18:44:54.581833
400;21;68;2026-01-27 18:45:09.806604
401;21;73;2026-01-27 18:45:21.562809
402;21;74;2026-01-27 18:45:28.405565
403;21;78;2026-01-27 18:45:35.335073
404;21;82;2026-01-27 18:45:43.522555
405;21;86;2026-01-27 18:45:52.93636
406;21;93;2026-01-27 18:46:02.081346
407;21;95;2026-01-27 18:46:08.927325
408;21;103;2026-01-27 18:46:14.885773
409;21;108;2026-01-27 18:46:23.239789
410;21;114;2026-01-27 18:46:29.704846
411;22;1;2026-01-27 18:50:38.398383
412;22;3;2026-01-27 18:50:41.214659
413;22;7;2026-01-27 18:50:58.584681
414;22;9;2026-01-27 18:51:38.824593
415;22;10;2026-01-27 18:52:07.721105
416;22;13;2026-01-27 18:52:29.384226
417;22;14;2026-01-27 18:52:29.984575
418;22;22;2026-01-27 18:52:34.610637
419;22;25;2026-01-27 18:52:36.835787
420;22;27;2026-01-27 18:52:52.890874
421;22;30;2026-01-27 18:52:55.848438
422;22;32;2026-01-27 18:53:26.617228
423;22;35;2026-01-27 18:55:41.715433
424;22;38;2026-01-27 18:56:07.81415
425;22;42;2026-01-27 18:56:40.451853
426;22;49;2026-01-27 18:56:52.198126
427;22;59;2026-01-27 18:59:14.271952
428;22;65;2026-01-27 18:59:35.280546
429;22;68;2026-01-27 19:00:05.02533
430;22;73;2026-01-27 19:00:47.107094
431;22;74;2026-01-27 19:01:11.006773
432;22;79;2026-01-27 19:01:36.633252
433;22;80;2026-01-27 19:02:44.192158
434;22;85;2026-01-27 19:03:08.129552
435;22;91;2026-01-27 19:04:57.606039
436;22;92;2026-01-27 19:05:25.538276
437;22;96;2026-01-27 19:05:47.908371
438;22;102;2026-01-27 19:06:26.787315
439;22;105;2026-01-27 19:06:56.259825
440;22;106;2026-01-27 19:07:24.826512
441;22;115;2026-01-27 19:07:52.336501
442;18;36;2026-01-27 19:30:59.837927
443;18;35;2026-01-27 19:31:25.461701
444;18;38;2026-01-27 19:33:20.132554
445;18;44;2026-01-27 19:35:48.303216
446;18;51;2026-01-27 19:36:59.642228
447;18;57;2026-01-27 19:38:40.894025
448;23;2;2026-01-27 19:44:54.679671
449;23;1;2026-01-27 19:45:13.241666
450;23;3;2026-01-27 19:45:24.404402
451;18;62;2026-01-27 19:46:57.664116
452;23;7;2026-01-27 19:47:24.415626
453;18;67;2026-01-27 19:48:07.368673
454;23;8;2026-01-27 19:48:39.90727
455;23;9;2026-01-27 19:49:52.911859
456;23;12;2026-01-27 19:50:06.551052
457;18;73;2026-01-27 19:50:52.787516
458;23;13;2026-01-27 19:51:53.691936
459;23;14;2026-01-27 19:53:17.285982
460;23;19;2026-01-27 19:53:51.725849
461;23;25;2026-01-27 19:54:41.519666
462;23;27;2026-01-27 19:56:00.478905
463;23;29;2026-01-27 19:57:23.177105
464;23;31;2026-01-27 19:57:33.56251
465;23;34;2026-01-27 19:59:43.28019
466;23;38;2026-01-27 20:00:30.239049
467;23;43;2026-01-27 20:01:13.221963
468;23;49;2026-01-27 20:01:21.567219
469;23;60;2026-01-27 20:03:03.281995
470;23;53;2026-01-27 20:04:33.525297
471;23;62;2026-01-27 20:05:41.297238
472;23;67;2026-01-27 20:06:16.921728
473;23;73;2026-01-27 20:07:05.755451
474;23;74;2026-01-27 20:07:54.399009
475;23;78;2026-01-27 20:08:06.583235
476;23;80;2026-01-27 20:08:14.20523
477;23;85;2026-01-27 20:08:27.757239
478;23;90;2026-01-27 20:08:36.956442
479;23;96;2026-01-27 20:08:48.398496
480;23;100;2026-01-27 20:08:58.218458
481;23;105;2026-01-27 20:09:18.33943
482;23;106;2026-01-27 20:09:44.359615
483;23;113;2026-01-27 20:10:00.333584
484;24;3;2026-01-27 21:28:44.670569
485;24;6;2026-01-27 21:28:45.805902
486;24;9;2026-01-27 21:28:50.453169
487;24;12;2026-01-27 21:29:03.560358
488;24;13;2026-01-27 21:29:04.748087
489;24;14;2026-01-27 21:29:06.25256
490;24;16;2026-01-27 21:29:07.433549
491;24;25;2026-01-27 21:29:08.990968
492;24;28;2026-01-27 21:29:18.087923
493;24;29;2026-01-27 21:29:19.111049
494;24;32;2026-01-27 21:29:19.707554
495;24;35;2026-01-27 21:29:26.000184
496;24;38;2026-01-27 21:32:26.304983
497;24;45;2026-01-27 21:32:40.117927
498;24;49;2026-01-27 21:37:12.359177
499;24;60;2026-01-27 21:37:31.30379
500;24;54;2026-01-27 21:37:45.146934
501;24;63;2026-01-27 21:37:53.587839
502;24;68;2026-01-27 21:37:57.321037
503;24;72;2026-01-27 21:38:02.590326
504;24;75;2026-01-27 21:38:15.086373
505;24;81;2026-01-27 21:38:18.865313
506;24;85;2026-01-27 21:38:23.097118
507;24;89;2026-01-27 21:38:26.802094
508;24;95;2026-01-27 21:38:28.689136
509;24;104;2026-01-27 21:38:31.652306
510;24;107;2026-01-27 21:38:37.855555
511;24;110;2026-01-27 21:38:39.587566
512;25;3;2026-01-27 21:39:42.45245
513;25;6;2026-01-27 21:39:43.217742
514;25;9;2026-01-27 21:39:45.80516
515;25;12;2026-01-27 21:39:46.616572
516;25;13;2026-01-27 21:39:48.172192
517;25;14;2026-01-27 21:39:48.810542
518;25;17;2026-01-27 21:39:49.732609
519;25;26;2026-01-27 21:39:50.523812
520;25;28;2026-01-27 21:39:52.452611
521;25;29;2026-01-27 21:39:53.202961
522;25;32;2026-01-27 21:39:54.1329
523;25;35;2026-01-27 21:39:56.950133
524;25;38;2026-01-27 21:39:57.768545
525;25;45;2026-01-27 21:39:58.64857
526;25;52;2026-01-27 21:40:07.796766
527;25;48;2026-01-27 21:40:23.983882
528;25;62;2026-01-27 21:40:41.514641
529;25;67;2026-01-27 21:40:43.021737
530;25;73;2026-01-27 21:40:48.987103
531;25;75;2026-01-27 21:40:52.438041
532;25;82;2026-01-27 21:40:55.003867
533;25;86;2026-01-27 21:40:56.870186
534;25;94;2026-01-27 21:40:59.8849
535;25;97;2026-01-27 21:41:00.92122
536;25;99;2026-01-27 21:41:02.432302
537;25;104;2026-01-27 21:41:05.335592
538;25;107;2026-01-27 21:41:08.20196
539;25;110;2026-01-27 21:41:09.268809
540;26;3;2026-01-27 21:41:37.66863
541;26;6;2026-01-27 21:41:38.419157
542;26;8;2026-01-27 21:41:40.520827
543;26;9;2026-01-27 21:41:41.469069
544;26;12;2026-01-27 21:41:42.368743
545;26;13;2026-01-27 21:41:43.437204
546;26;14;2026-01-27 21:43:33.488618
547;26;16;2026-01-27 21:43:34.433014
548;26;25;2026-01-27 21:43:34.921094
549;26;28;2026-01-27 21:43:37.53605
550;26;29;2026-01-27 21:43:38.359595
551;26;32;2026-01-27 21:43:39.248916
552;26;33;2026-01-27 21:43:43.75439
553;26;37;2026-01-27 21:43:46.688199
554;26;42;2026-01-27 21:43:49.138286
555;26;48;2026-01-27 21:44:52.428
556;27;2;2026-01-27 22:21:03.663376
557;27;1;2026-01-27 22:21:23.620626
558;27;3;2026-01-27 22:21:32.275823
559;28;3;2026-01-27 22:25:51.870533
560;28;4;2026-01-27 22:26:03.487029
561;28;8;2026-01-27 22:26:31.467606
562;28;9;2026-01-27 22:27:07.790113
563;28;10;2026-01-27 22:27:38.968105
564;28;13;2026-01-27 22:28:12.29058
565;28;14;2026-01-27 22:28:23.967953
566;28;15;2026-01-27 22:28:27.97133
567;28;24;2026-01-27 22:28:35.068499
568;28;27;2026-01-27 22:30:00.808161
569;28;30;2026-01-27 22:30:59.007841
570;28;31;2026-01-27 22:31:06.707342
571;28;33;2026-01-27 22:39:09.418619
572;28;37;2026-01-27 22:39:18.714032
573;28;42;2026-01-27 22:39:40.914841
574;28;49;2026-01-27 22:39:45.012782
575;28;61;2026-01-27 22:42:11.708619
576;28;56;2026-01-27 22:45:41.614777
577;28;66;2026-01-27 22:47:47.854918
578;18;74;2026-01-27 22:48:01.689207
579;18;79;2026-01-27 22:48:15.882536
580;28;68;2026-01-27 22:48:38.114285
581;28;73;2026-01-27 22:49:05.32513
582;18;80;2026-01-27 22:49:50.3081
583;28;74;2026-01-27 22:50:04.066623
584;18;85;2026-01-27 22:50:08.814987
585;28;78;2026-01-27 22:50:11.263976
586;28;80;2026-01-27 22:50:24.563975
587;28;85;2026-01-27 22:50:40.88685
588;18;89;2026-01-27 22:51:02.661389
589;18;96;2026-01-27 22:51:50.616211
590;28;91;2026-01-27 22:51:51.587217
591;28;94;2026-01-27 22:51:55.871336
592;18;100;2026-01-27 22:52:02.480699
593;28;96;2026-01-27 22:52:28.065036
594;28;102;2026-01-27 22:52:32.36392
595;28;104;2026-01-27 22:52:40.962697
596;28;107;2026-01-27 22:52:50.063115
597;28;113;2026-01-27 22:53:06.19391
598;18;104;2026-01-27 22:53:30.659587
599;18;106;2026-01-27 22:54:46.249279
600;18;111;2026-01-27 22:55:32.660036
601;29;2;2026-01-27 23:00:37.078295
602;29;1;2026-01-27 23:00:47.42417
603;29;3;2026-01-27 23:00:51.310173
604;29;4;2026-01-27 23:00:56.079786
605;29;9;2026-01-27 23:01:08.373962
606;29;11;2026-01-27 23:01:11.190117
607;29;13;2026-01-27 23:01:16.303947
608;29;14;2026-01-27 23:01:19.13361
609;29;16;2026-01-27 23:01:23.730755
610;29;25;2026-01-27 23:01:28.382382
611;29;27;2026-01-27 23:02:24.719031
612;29;29;2026-01-27 23:02:26.710955
613;29;32;2026-01-27 23:02:33.03545
614;30;3;2026-01-27 23:07:23.349255
615;30;5;2026-01-27 23:07:26.021503
616;30;8;2026-01-27 23:07:32.266804
617;30;9;2026-01-27 23:07:34.330449
618;30;12;2026-01-27 23:07:37.953649
619;30;13;2026-01-27 23:07:41.94998
620;30;14;2026-01-27 23:07:43.155845
621;30;17;2026-01-27 23:07:45.463688
622;30;26;2026-01-27 23:07:47.399159
623;30;27;2026-01-27 23:07:54.021174
624;30;30;2026-01-27 23:07:58.214659
625;30;32;2026-01-27 23:08:03.542954
626;30;35;2026-01-27 23:08:10.622325
627;30;39;2026-01-27 23:08:23.097993
628;30;45;2026-01-27 23:08:31.387626
629;30;49;2026-01-27 23:08:33.593277
630;30;59;2026-01-27 23:10:44.046245
631;30;64;2026-01-27 23:10:49.302702
632;30;69;2026-01-27 23:10:53.955766
633;30;72;2026-01-27 23:12:17.909525
634;30;75;2026-01-27 23:12:24.822853
635;30;83;2026-01-27 23:12:32.429545
636;30;85;2026-01-27 23:12:34.363555
637;30;91;2026-01-27 23:12:36.317234
638;30;93;2026-01-27 23:12:40.910062
639;30;95;2026-01-27 23:12:44.279667
640;30;103;2026-01-27 23:12:47.074919
641;30;107;2026-01-27 23:12:56.975297
642;30;113;2026-01-27 23:12:59.758495
643;31;2;2026-01-28 05:46:36.577153
644;31;3;2026-01-28 05:49:01.190639
645;31;6;2026-01-28 05:49:01.831022
646;31;8;2026-01-28 05:49:25.134583
647;31;9;2026-01-28 05:49:33.970126
648;31;11;2026-01-28 05:52:05.455092
649;31;13;2026-01-28 05:52:13.894622
650;31;14;2026-01-28 05:52:41.452032
651;31;15;2026-01-28 05:52:44.886938
652;32;1;2026-01-28 05:53:39.881983
653;32;2;2026-01-28 05:53:46.462897
654;32;3;2026-01-28 05:53:54.45027
655;32;5;2026-01-28 05:53:57.519087
656;32;9;2026-01-28 05:54:30.938272
657;32;11;2026-01-28 05:54:32.773437
658;32;13;2026-01-28 05:54:35.101952
659;32;14;2026-01-28 05:55:00.318852
660;32;16;2026-01-28 05:55:24.831644
661;32;25;2026-01-28 05:57:18.487161
662;32;27;2026-01-28 06:03:19.261765
663;32;29;2026-01-28 06:03:44.714727
664;32;31;2026-01-28 06:05:31.410873
665;32;35;2026-01-28 06:07:57.829389
666;32;39;2026-01-28 06:08:23.752599
667;32;45;2026-01-28 06:11:30.256949
668;32;51;2026-01-28 06:13:20.000759
669;32;57;2026-01-28 06:13:33.849141
670;32;62;2026-01-28 06:23:53.0252
671;32;68;2026-01-28 06:25:55.643051
672;32;72;2026-01-28 06:29:17.965645
673;32;74;2026-01-28 06:33:18.992895
674;32;78;2026-01-28 06:33:26.618683
675;32;82;2026-01-28 06:34:23.18688
676;32;85;2026-01-28 06:34:32.019166
677;32;90;2026-01-28 06:35:56.894578
678;32;96;2026-01-28 06:37:04.530044
679;32;98;2026-01-28 06:37:08.63197
680;32;104;2026-01-28 06:39:32.965099
681;32;106;2026-01-28 06:40:54.421982
682;32;111;2026-01-28 06:42:06.793917
683;33;3;2026-01-28 12:56:49.881011
684;33;6;2026-01-28 12:56:50.646323
685;33;9;2026-01-28 12:56:52.689504
686;33;12;2026-01-28 12:56:53.460042
687;33;13;2026-01-28 12:56:54.256483
688;33;14;2026-01-28 12:56:54.757219
689;33;17;2026-01-28 12:56:55.581694
690;33;26;2026-01-28 12:56:56.113606
691;33;28;2026-01-28 12:56:57.827464
692;33;29;2026-01-28 12:56:58.537638
693;33;32;2026-01-28 12:56:59.364581
694;33;35;2026-01-28 12:57:05.762863
695;33;39;2026-01-28 12:57:06.294523
696;33;43;2026-01-28 12:57:06.848467
697;33;50;2026-01-28 12:57:07.380493
698;33;55;2026-01-28 12:57:07.996215
699;33;54;2026-01-28 12:57:09.328937
700;33;63;2026-01-28 12:57:12.712944
701;33;68;2026-01-28 12:57:13.633985
702;33;72;2026-01-28 12:57:16.091984
703;33;75;2026-01-28 12:57:20.244294
704;33;81;2026-01-28 12:57:21.312102
705;33;85;2026-01-28 12:57:22.394815
706;33;90;2026-01-28 12:57:23.279801
707;33;96;2026-01-28 12:57:24.32155
708;33;102;2026-01-28 12:57:26.121339
709;33;105;2026-01-28 12:57:28.176709
710;33;107;2026-01-28 12:57:33.179367
711;33;110;2026-01-28 12:57:34.028361
712;34;3;2026-01-28 13:58:16.747235
713;34;6;2026-01-28 13:58:17.528447
714;34;8;2026-01-28 13:58:19.58049
715;34;9;2026-01-28 13:58:20.955437
716;34;12;2026-01-28 13:58:21.795613
717;34;13;2026-01-28 13:58:22.948628
718;34;14;2026-01-28 13:58:24.105341
719;34;19;2026-01-28 13:58:25.511768
720;34;25;2026-01-28 13:58:26.444627
721;34;28;2026-01-28 13:58:28.529036
722;34;29;2026-01-28 13:58:32.246504
723;34;31;2026-01-28 13:58:33.158865
724;34;36;2026-01-28 13:59:18.556246
725;34;35;2026-01-28 13:59:20.702335
726;34;39;2026-01-28 13:59:26.762345
727;34;44;2026-01-28 13:59:35.670163
728;34;49;2026-01-28 13:59:41.55026
729;34;60;2026-01-28 14:00:03.976302
730;34;54;2026-01-28 14:00:06.667109
731;34;62;2026-01-28 14:02:40.496924
732;34;69;2026-01-28 14:05:32.329581
733;35;3;2026-01-28 14:06:17.844763
734;35;6;2026-01-28 14:06:18.395591
735;35;9;2026-01-28 14:06:20.722359
736;35;12;2026-01-28 14:06:21.505212
737;35;13;2026-01-28 14:06:22.277563
738;35;14;2026-01-28 14:06:23.001679
739;35;19;2026-01-28 14:06:23.994971
740;35;25;2026-01-28 14:06:24.792178
741;35;28;2026-01-28 14:06:26.711162
742;35;29;2026-01-28 14:06:27.426393
743;35;32;2026-01-28 14:06:28.252206
744;35;34;2026-01-28 14:06:33.536249
745;35;38;2026-01-28 14:06:35.019999
746;35;41;2026-01-28 14:06:48.009751
747;35;52;2026-01-28 14:06:56.036023
748;35;51;2026-01-28 14:06:57.425158
749;35;57;2026-01-28 14:06:59.382997
750;35;65;2026-01-28 14:07:15.569902
751;35;70;2026-01-28 14:07:33.082071
752;35;69;2026-01-28 14:07:36.222659
753;35;73;2026-01-28 14:14:34.944194
754;35;75;2026-01-28 14:14:38.595893
755;35;82;2026-01-28 14:14:39.457625
756;35;85;2026-01-28 14:14:40.324958
757;35;91;2026-01-28 14:14:41.145225
758;35;94;2026-01-28 14:14:42.011851
759;35;96;2026-01-28 14:14:42.907178
760;35;102;2026-01-28 14:14:45.362884
761;35;104;2026-01-28 14:14:55.869907
762;35;106;2026-01-28 14:15:00.311825
763;35;113;2026-01-28 14:15:07.920225
764;36;3;2026-01-28 16:59:26.703488
765;36;5;2026-01-28 17:16:20.210686
766;36;9;2026-01-28 17:16:25.290474
767;36;12;2026-01-28 17:16:27.364052
768;36;13;2026-01-28 17:16:28.833851
769;36;14;2026-01-28 17:16:29.75133
770;36;17;2026-01-28 17:16:31.155063
771;36;26;2026-01-28 17:16:32.792651
772;36;28;2026-01-28 17:16:36.901082
773;36;29;2026-01-28 17:16:44.954069
774;36;32;2026-01-28 17:16:51.7326
775;36;34;2026-01-28 17:19:17.766824
776;36;38;2026-01-28 17:19:20.441384
777;40;1;2026-01-28 18:04:30.451535
778;40;3;2026-01-28 18:04:46.635381
779;40;2;2026-01-28 18:04:50.892683
780;39;3;2026-01-28 18:06:07.296042
781;39;6;2026-01-28 18:06:11.996309
782;39;9;2026-01-28 18:06:16.654261
783;39;12;2026-01-28 18:06:18.23247
784;39;13;2026-01-28 18:06:19.461342
785;39;14;2026-01-28 18:06:21.623315
786;39;16;2026-01-28 18:06:46.669963
787;39;26;2026-01-28 18:07:21.861177
788;39;28;2026-01-28 18:40:23.342616
789;39;30;2026-01-28 18:40:27.771365
790;39;32;2026-01-28 18:40:30.336059
791;39;35;2026-01-28 18:40:36.485584
792;39;39;2026-01-28 18:40:37.701243
793;39;43;2026-01-28 18:40:38.683307
794;39;50;2026-01-28 18:40:39.549898
795;39;55;2026-01-28 18:40:40.931731
796;39;54;2026-01-28 18:40:43.858095
797;39;64;2026-01-28 18:40:49.290966
798;39;69;2026-01-28 18:40:50.225326
799;39;73;2026-01-28 18:40:54.806621
800;39;75;2026-01-28 18:40:59.70259
801;39;82;2026-01-28 18:41:00.70552
802;39;86;2026-01-28 18:41:01.651789
803;39;94;2026-01-28 18:41:11.148504
804;39;97;2026-01-28 18:41:12.226489
805;39;100;2026-01-28 18:41:13.146005
806;39;104;2026-01-28 18:41:18.882688
807;39;107;2026-01-28 18:41:26.764167
808;39;110;2026-01-28 18:41:29.818891
809;43;3;2026-01-28 18:44:51.170285
810;43;2;2026-01-28 18:45:07.299395
811;43;6;2026-01-28 18:45:13.803644
812;43;9;2026-01-28 18:45:27.522209
813;43;11;2026-01-28 18:46:10.645091
814;43;13;2026-01-28 18:46:12.469748
815;43;14;2026-01-28 18:46:13.941657
816;43;16;2026-01-28 18:46:16.799097
817;43;24;2026-01-28 18:46:18.600689
818;43;27;2026-01-28 18:46:26.808006
819;43;30;2026-01-28 18:46:58.907622
820;43;31;2026-01-28 18:47:21.240854
821;43;33;2026-01-28 18:47:38.808442
822;43;37;2026-01-28 18:47:40.650778
823;43;41;2026-01-28 18:47:42.051408
824;43;48;2026-01-28 18:47:49.272469
825;43;64;2026-01-28 18:47:55.026806
826;43;68;2026-01-28 18:48:07.284329
827;43;72;2026-01-28 18:48:23.270762
828;43;74;2026-01-28 18:48:30.723262
829;43;77;2026-01-28 18:49:09.331533
830;43;80;2026-01-28 18:49:11.135086
831;43;85;2026-01-28 18:49:42.986249
832;43;90;2026-01-28 18:49:53.465767
833;43;95;2026-01-28 18:49:55.028845
834;43;104;2026-01-28 18:49:56.221237
835;43;108;2026-01-28 18:50:09.208384
836;43;112;2026-01-28 18:50:11.385569
837;45;1;2026-01-28 18:52:20.542232
838;45;2;2026-01-28 18:52:36.572976
839;45;5;2026-01-28 18:53:07.760253
840;45;9;2026-01-28 18:53:21.270366
841;45;12;2026-01-28 18:54:02.50705
842;45;13;2026-01-28 18:54:05.912848
843;45;14;2026-01-28 18:54:07.28243
844;45;22;2026-01-28 18:54:21.038253
845;45;24;2026-01-28 18:54:24.134675
846;45;28;2026-01-28 18:54:29.211291
847;45;29;2026-01-28 18:54:53.183391
848;45;31;2026-01-28 18:55:09.153259
849;45;34;2026-01-28 18:56:49.635837
850;45;39;2026-01-28 18:58:18.663107
851;45;46;2026-01-28 18:58:46.539258
852;45;50;2026-01-28 18:59:10.141668
853;45;53;2026-01-28 18:59:31.912822
854;45;64;2026-01-28 19:00:13.951212
855;45;67;2026-01-28 19:01:37.070271
856;45;73;2026-01-28 19:02:35.34634
857;45;74;2026-01-28 19:02:47.062855
858;45;78;2026-01-28 19:02:59.900783
859;45;80;2026-01-28 19:03:38.363318
860;45;85;2026-01-28 19:03:55.751235
861;45;89;2026-01-28 19:04:33.82754
862;45;96;2026-01-28 19:04:46.529986
863;45;100;2026-01-28 19:04:57.383887
864;45;104;2026-01-28 19:05:18.536253
865;45;106;2026-01-28 19:05:40.445304
866;45;112;2026-01-28 19:06:02.749538
867;47;2;2026-01-28 20:58:47.365907
868;47;5;2026-01-28 20:58:48.464372
869;47;9;2026-01-28 20:59:01.707609
870;47;12;2026-01-28 20:59:06.484381
871;47;13;2026-01-28 20:59:07.336224
872;47;14;2026-01-28 20:59:07.875681
873;47;19;2026-01-28 20:59:14.300021
874;47;26;2026-01-28 20:59:19.868219
875;47;28;2026-01-28 20:59:30.069222
876;47;29;2026-01-28 20:59:43.204982
877;47;32;2026-01-28 20:59:44.549556
878;47;34;2026-01-28 20:59:53.70172
879;47;38;2026-01-28 20:59:59.851427
880;47;46;2026-01-28 21:00:18.920372
881;49;1;2026-01-28 21:11:00.458672
882;49;2;2026-01-28 21:11:08.877727
883;49;6;2026-01-28 21:11:14.082999
884;49;8;2026-01-28 21:11:57.89709
885;49;9;2026-01-28 21:12:00.721455
886;49;12;2026-01-28 21:12:02.797928
887;49;13;2026-01-28 21:12:03.800883
888;49;14;2026-01-28 21:12:04.496077
889;49;16;2026-01-28 21:12:06.361476
890;49;24;2026-01-28 21:12:07.413791
891;49;28;2026-01-28 21:12:11.462198
892;49;30;2026-01-28 21:12:12.928093
893;49;32;2026-01-28 21:12:14.387631
894;49;36;2026-01-28 21:13:35.14768
895;49;35;2026-01-28 21:13:36.946951
896;49;38;2026-01-28 21:13:38.496899
897;49;44;2026-01-28 21:13:40.999484
898;49;48;2026-01-28 21:13:42.295446
899;49;64;2026-01-28 21:13:45.378322
900;49;69;2026-01-28 21:13:46.102316
901;49;73;2026-01-28 21:13:50.904946
902;49;75;2026-01-28 21:14:01.416625
903;49;80;2026-01-28 21:14:03.094603
904;49;86;2026-01-28 21:14:04.636572
905;49;93;2026-01-28 21:14:07.29789
906;49;97;2026-01-28 21:14:08.434565
907;49;98;2026-01-28 21:14:09.718931
908;49;104;2026-01-28 21:14:12.239347
909;49;108;2026-01-28 21:14:15.136069
910;49;110;2026-01-28 21:14:16.838289
911;50;3;2026-01-30 10:03:55.245544
912;50;2;2026-01-30 10:04:00.264071
913;50;6;2026-01-30 10:04:00.983751
914;50;9;2026-01-30 10:04:03.175884
915;50;11;2026-01-30 10:04:03.775524
916;50;13;2026-01-30 10:04:04.38617
917;50;14;2026-01-30 10:06:15.460631
918;50;17;2026-01-30 10:06:15.98245
919;50;26;2026-01-30 10:06:16.370129
920;50;28;2026-01-30 10:06:17.768775
921;50;29;2026-01-30 10:06:36.650039
922;51;2;2026-01-30 10:07:05.400437
923;51;5;2026-01-30 10:07:05.832574
924;51;8;2026-01-30 10:07:09.022456
925;51;9;2026-01-30 10:07:09.657805
926;51;11;2026-01-30 10:07:10.313513
927;51;13;2026-01-30 10:07:10.793452
928;51;14;2026-01-30 10:07:11.305582
929;51;17;2026-01-30 10:07:11.759645
930;51;26;2026-01-30 10:07:12.15428
931;51;28;2026-01-30 10:07:13.543222
932;51;29;2026-01-30 10:07:14.063573
933;51;32;2026-01-30 10:07:14.510412
934;51;34;2026-01-30 10:07:16.533172
935;51;38;2026-01-30 10:07:26.020545
936;51;43;2026-01-30 10:07:26.858801
937;51;50;2026-01-30 10:07:27.841937
938;51;54;2026-01-30 10:07:28.362537
939;51;64;2026-01-30 10:07:30.984672
940;51;69;2026-01-30 10:07:31.392648
941;51;73;2026-01-30 10:07:32.927405
942;51;75;2026-01-30 10:07:35.262187
943;51;82;2026-01-30 10:07:35.769611
944;51;86;2026-01-30 10:07:36.231574
945;51;94;2026-01-30 10:07:37.832093
946;51;97;2026-01-30 10:07:38.248171
947;51;100;2026-01-30 10:07:38.825401
948;52;2;2026-01-30 10:08:05.861217
949;52;6;2026-01-30 10:08:06.301682
950;52;9;2026-01-30 10:08:07.765213
951;52;12;2026-01-30 10:08:08.188715
952;52;13;2026-01-30 10:08:08.836086
953;52;14;2026-01-30 10:08:09.523446
954;52;20;2026-01-30 10:08:10.131797
955;52;26;2026-01-30 10:08:10.650743
956;52;28;2026-01-30 10:08:11.778806
957;52;29;2026-01-30 10:08:12.287772
958;52;32;2026-01-30 10:08:12.823729
959;52;35;2026-01-30 10:08:14.046982
960;52;39;2026-01-30 10:08:14.83096
961;52;43;2026-01-30 10:08:15.309927
962;52;50;2026-01-30 10:08:15.742268
963;52;55;2026-01-30 10:08:16.381802
964;52;54;2026-01-30 10:08:17.018051
965;52;64;2026-01-30 10:08:19.595453
966;52;69;2026-01-30 10:08:20.043238
967;52;73;2026-01-30 10:08:21.354389
968;52;75;2026-01-30 10:08:23.793275
969;52;82;2026-01-30 10:08:24.297541
970;52;86;2026-01-30 10:08:24.729264
971;52;94;2026-01-30 10:08:25.976357
972;52;97;2026-01-30 10:08:26.463491
973;52;100;2026-01-30 10:08:28.282406
974;52;105;2026-01-30 10:08:29.585297
975;52;108;2026-01-30 10:08:35.990395
976;52;111;2026-01-30 10:08:36.533722
977;53;2;2026-01-30 10:20:09.447981
978;53;6;2026-01-30 10:20:09.936266
979;53;9;2026-01-30 10:20:11.791387
980;54;2;2026-01-30 11:28:41.843964
981;54;5;2026-01-30 11:28:42.452066
982;54;9;2026-01-30 11:28:44.418932
983;54;12;2026-01-30 11:28:45.212099
984;54;13;2026-01-30 11:28:46.173945
985;54;14;2026-01-30 11:28:47.112222
986;54;19;2026-01-30 11:28:48.083286
987;54;26;2026-01-30 11:28:48.916063
988;54;28;2026-01-30 11:28:51.064198
989;54;29;2026-01-30 11:28:51.977097
990;54;32;2026-01-30 11:28:52.919659
991;54;34;2026-01-30 11:28:55.948185
992;54;39;2026-01-30 11:28:56.658294
993;54;45;2026-01-30 11:28:57.848805
994;54;52;2026-01-30 11:28:58.92459
995;54;50;2026-01-30 11:29:00.571904
996;54;55;2026-01-30 11:29:01.508709
997;54;53;2026-01-30 11:29:03.131878
998;54;64;2026-01-30 11:29:06.043456
999;54;70;2026-01-30 11:29:06.713714
1000;54;69;2026-01-30 11:29:07.626725
1001;54;72;2026-01-30 11:29:09.254565
1002;54;75;2026-01-30 11:29:11.991637
1003;54;81;2026-01-30 11:29:12.623671
1004;54;86;2026-01-30 11:29:13.207573
1005;54;94;2026-01-30 11:29:15.01759
1006;54;96;2026-01-30 11:29:15.625582
1007;54;100;2026-01-30 11:29:16.305226
1008;54;105;2026-01-30 11:29:17.967483
1009;54;108;2026-01-30 11:29:22.330181
1010;54;113;2026-01-30 11:29:22.985182
1011;55;1;2026-01-30 11:38:48.347575
1012;55;3;2026-01-30 11:38:54.771354
1013;55;2;2026-01-30 11:38:59.186006
1014;55;4;2026-01-30 11:39:01.355411
1015;55;9;2026-01-30 11:39:04.1563
1016;55;12;2026-01-30 11:39:05.15102
1017;55;13;2026-01-30 11:39:07.384431
1018;55;14;2026-01-30 11:39:08.27658
1019;55;19;2026-01-30 11:39:11.191133
1020;55;26;2026-01-30 11:39:12.051393
1021;55;28;2026-01-30 11:39:14.168456
1022;55;29;2026-01-30 11:39:15.072624
1023;55;32;2026-01-30 11:39:15.949837
1024;55;35;2026-01-30 11:39:25.569081
1025;55;39;2026-01-30 11:39:26.273518
1026;55;46;2026-01-30 11:39:27.558261
1027;55;52;2026-01-30 11:39:28.519904
1028;55;50;2026-01-30 11:39:29.627905
1029;55;54;2026-01-30 11:39:30.44954
1030;55;64;2026-01-30 11:39:38.335907
1031;55;68;2026-01-30 11:39:39.5801
1032;55;73;2026-01-30 11:39:42.071895
1033;55;75;2026-01-30 11:39:45.770361
1034;55;81;2026-01-30 11:39:46.58497
1035;55;85;2026-01-30 11:39:47.165838
1036;55;91;2026-01-30 11:39:48.813271
1037;55;94;2026-01-30 11:39:49.634378
1038;55;97;2026-01-30 11:39:50.46029
1039;55;102;2026-01-30 11:39:51.34754
1040;55;104;2026-01-30 11:39:53.833919
1041;55;107;2026-01-30 11:39:55.99714
1042;55;114;2026-01-30 11:39:57.616611
1043;56;2;2026-01-30 11:47:41.920903
1044;56;6;2026-01-30 11:47:44.334425
1045;56;8;2026-01-30 11:47:50.20981
1046;56;9;2026-01-30 11:47:58.852522
1047;56;12;2026-01-30 11:48:00.603694
1048;56;13;2026-01-30 11:48:01.58175
1049;56;14;2026-01-30 11:48:02.42881
1050;56;20;2026-01-30 11:48:03.16681
1051;56;26;2026-01-30 11:48:03.946497
1052;56;28;2026-01-30 11:48:09.901874
1053;56;29;2026-01-30 11:48:10.843527
1054;56;32;2026-01-30 11:48:12.396973
1055;56;35;2026-01-30 11:48:27.445595
1056;56;39;2026-01-30 11:48:28.721596
1057;56;46;2026-01-30 11:48:35.640821
1058;56;50;2026-01-30 11:48:38.04625
1059;56;55;2026-01-30 11:48:38.964753
1060;56;54;2026-01-30 11:48:42.330647
1061;56;64;2026-01-30 11:48:51.15991
1062;56;69;2026-01-30 11:48:52.673438
1063;56;72;2026-01-30 11:48:58.410522
1064;56;75;2026-01-30 11:49:03.880407
1065;56;82;2026-01-30 11:49:31.208419
1066;56;85;2026-01-30 11:49:36.577787
1067;57;2;2026-01-30 11:51:56.176758
1068;57;6;2026-01-30 11:51:58.150006
1069;57;9;2026-01-30 11:52:05.682294
1070;57;12;2026-01-30 11:52:23.835489
1071;57;13;2026-01-30 11:52:28.151084
1072;57;14;2026-01-30 11:52:29.474564
1073;57;20;2026-01-30 11:52:31.417393
1074;57;26;2026-01-30 11:52:33.518179
1075;57;28;2026-01-30 11:52:38.691724
1076;57;30;2026-01-30 11:52:52.946743
1077;57;31;2026-01-30 11:53:00.26967
1078;57;34;2026-01-30 11:53:06.382591
1079;57;38;2026-01-30 11:53:09.989502
1080;57;45;2026-01-30 11:53:20.738156
1081;57;52;2026-01-30 11:53:30.721781
1082;57;50;2026-01-30 11:53:34.855221
1083;57;55;2026-01-30 11:53:39.627995
1084;57;54;2026-01-30 11:53:43.541575
1085;58;2;2026-01-30 11:54:13.93946
1086;58;6;2026-01-30 11:54:15.534166
1087;58;8;2026-01-30 11:54:20.054514
1088;58;9;2026-01-30 11:54:21.234665
1089;58;11;2026-01-30 11:54:23.566709
1090;58;13;2026-01-30 11:54:24.831656
1091;58;14;2026-01-30 11:54:25.695378
1092;58;22;2026-01-30 11:54:27.461201
1093;58;25;2026-01-30 11:54:28.304428
1094;58;28;2026-01-30 11:54:30.22553
1095;58;29;2026-01-30 11:54:31.342421
1096;58;32;2026-01-30 11:54:32.251179
1097;58;35;2026-01-30 11:54:42.681767
1098;57;64;2026-01-30 11:54:50.028907
1099;57;69;2026-01-30 11:54:55.460094
1100;57;73;2026-01-30 11:55:05.453857
1101;57;74;2026-01-30 11:55:14.308672
1102;57;77;2026-01-30 11:55:19.847406
1103;57;81;2026-01-30 11:55:23.043364
1104;57;85;2026-01-30 11:55:27.08409
1105;57;89;2026-01-30 11:55:32.624913
1106;57;96;2026-01-30 11:55:36.906272
1107;57;102;2026-01-30 11:55:39.355783
1108;57;105;2026-01-30 11:55:49.409395
1109;57;106;2026-01-30 11:56:02.084324
1110;57;112;2026-01-30 11:56:04.367488
1111;59;3;2026-01-30 13:48:16.226285
1112;59;1;2026-01-30 13:48:20.320164
1113;59;2;2026-01-30 13:48:25.478136
1114;59;7;2026-01-30 13:48:27.870347
1115;59;9;2026-01-30 13:48:30.121131
1116;59;11;2026-01-30 13:48:30.826474
1117;59;13;2026-01-30 13:48:31.511289
1118;59;14;2026-01-30 13:48:32.214754
1119;59;17;2026-01-30 13:48:32.927591
1120;59;26;2026-01-30 13:48:33.601642
1121;59;28;2026-01-30 13:48:35.56653
1122;59;29;2026-01-30 13:48:36.27895
1123;59;32;2026-01-30 13:48:37.015004
1124;59;35;2026-01-30 13:48:39.499579
1125;59;38;2026-01-30 13:48:40.110426
1126;59;44;2026-01-30 13:48:40.990495
1127;59;50;2026-01-30 13:48:41.805575
1128;59;54;2026-01-30 13:48:42.435603
1129;59;64;2026-01-30 13:48:45.95351
1130;59;68;2026-01-30 13:48:46.742702
1131;59;73;2026-01-30 13:48:48.767193
1132;59;75;2026-01-30 13:48:53.432848
1133;59;82;2026-01-30 13:48:54.100236
1134;59;86;2026-01-30 13:48:54.916593
1135;59;94;2026-01-30 13:48:57.114801
1136;59;97;2026-01-30 13:48:57.732012
1137;59;100;2026-01-30 13:48:58.682939
1138;59;105;2026-01-30 13:49:00.647491
1139;59;108;2026-01-30 13:49:05.221604
1140;59;114;2026-01-30 13:49:05.964402
1141;62;2;2026-01-30 15:48:51.822278
1142;62;5;2026-01-30 15:48:52.504155
1143;62;9;2026-01-30 15:48:54.540692
1144;62;12;2026-01-30 15:48:55.10867
1145;62;13;2026-01-30 15:48:57.08592
1146;62;14;2026-01-30 15:49:00.754866
1147;62;20;2026-01-30 15:49:01.401033
1148;62;25;2026-01-30 15:49:01.976908
1149;62;28;2026-01-30 15:49:03.631414
1150;62;29;2026-01-30 15:49:04.247777
1151;62;31;2026-01-30 15:49:04.775439
1152;62;35;2026-01-30 15:49:06.653854
1153;62;38;2026-01-30 15:49:07.149447
1154;62;46;2026-01-30 15:49:07.709475
1155;62;52;2026-01-30 15:49:08.204664
1156;62;50;2026-01-30 15:49:08.7484
1157;62;54;2026-01-30 15:49:09.381424
1158;62;66;2026-01-30 15:49:12.273618
1159;62;69;2026-01-30 15:49:12.836439
1160;62;73;2026-01-30 15:49:14.624467
1161;62;75;2026-01-30 15:49:16.825764
1162;62;82;2026-01-30 15:49:17.830927
1163;62;86;2026-01-30 15:49:18.661974
1164;62;94;2026-01-30 15:49:20.389733
1165;62;97;2026-01-30 15:49:21.05462
1166;62;100;2026-01-30 15:49:21.790211
1167;62;105;2026-01-30 15:49:23.450091
1168;62;108;2026-01-30 15:49:26.146734
1169;62;114;2026-01-30 15:49:27.11344
1170;63;2;2026-01-30 17:39:26.834068
1171;63;6;2026-01-30 17:39:27.283016
1172;63;9;2026-01-30 17:39:29.158964
1173;63;12;2026-01-30 17:39:29.662279
1174;63;13;2026-01-30 17:39:30.142479
1175;63;14;2026-01-30 17:39:30.624934
1176;63;20;2026-01-30 17:39:31.605147
1177;63;26;2026-01-30 17:39:32.052603
1178;63;28;2026-01-30 17:39:33.611244
1179;63;29;2026-01-30 17:39:34.061415
1180;63;32;2026-01-30 17:39:36.260024
1181;63;35;2026-01-30 17:39:38.238558
1182;63;39;2026-01-30 17:39:38.704305
1183;63;46;2026-01-30 17:39:39.229897
1184;63;50;2026-01-30 17:39:39.718294
1185;63;54;2026-01-30 17:39:40.19631
1186;63;64;2026-01-30 17:39:43.365814
1187;63;69;2026-01-30 17:39:43.871161
1188;63;73;2026-01-30 17:39:45.477958
1189;63;75;2026-01-30 17:39:48.187841
1190;63;82;2026-01-30 17:39:48.790523
1191;63;86;2026-01-30 17:39:49.476882
1192;63;94;2026-01-30 17:39:51.012856
1193;63;97;2026-01-30 17:39:51.462661
1194;63;100;2026-01-30 17:39:52.167005
1195;63;105;2026-01-30 17:39:53.878178
1196;63;108;2026-01-30 17:39:56.369965
1197;63;111;2026-01-30 17:39:56.955119
1198;64;2;2026-01-30 17:16:42.548623
1199;64;6;2026-01-30 17:16:43.094349
1200;64;9;2026-01-30 17:16:44.816465
1201;64;12;2026-01-30 17:16:45.780419
1202;64;13;2026-01-30 17:16:46.363316
1203;64;14;2026-01-30 17:16:46.787708
1204;64;20;2026-01-30 17:16:47.37969
1205;64;26;2026-01-30 17:17:50.392646
1206;64;28;2026-01-30 17:17:51.832057
1207;64;29;2026-01-30 17:17:52.216682
1208;64;32;2026-01-30 17:17:52.799459
1209;64;35;2026-01-30 17:17:54.311726
1210;64;39;2026-01-30 17:17:54.743074
1211;64;46;2026-01-30 17:17:55.174259
1212;64;50;2026-01-30 17:17:55.686436
1213;64;55;2026-01-30 17:17:56.070985
1214;64;54;2026-01-30 17:17:56.758025
1215;64;64;2026-01-30 17:17:59.19111
1216;64;68;2026-01-30 17:17:59.677163
1217;64;73;2026-01-30 17:18:01.062177
1218;64;75;2026-01-30 17:18:03.849748
1219;64;82;2026-01-30 17:18:04.238596
1220;64;86;2026-01-30 17:18:04.676893
1221;64;94;2026-01-30 17:18:06.079755
1222;64;97;2026-01-30 17:18:06.54559
1223;64;100;2026-01-30 17:18:07.16245
1224;64;105;2026-01-30 17:18:08.739184
1225;64;108;2026-01-30 17:18:11.065259
1226;64;111;2026-01-30 17:18:11.506169
1227;65;3;2026-01-30 21:44:02.975524
1228;65;1;2026-01-30 21:44:08.153799
1229;65;2;2026-01-30 21:44:11.388852
1230;65;5;2026-01-30 21:44:17.184751
1231;65;9;2026-01-30 21:44:22.072872
1232;65;10;2026-01-30 21:44:23.697083
1233;65;13;2026-01-30 21:44:24.535038
1234;65;14;2026-01-30 21:44:25.261036
1235;65;16;2026-01-30 21:44:26.770676
1236;65;24;2026-01-30 21:44:27.095618
1237;65;27;2026-01-30 21:44:36.555156
1238;65;30;2026-01-30 21:44:38.836184
1239;65;31;2026-01-30 21:44:39.82819
1240;65;34;2026-01-30 21:44:45.838021
1241;65;38;2026-01-30 21:44:54.292304
1242;65;42;2026-01-30 21:45:29.809438
1243;65;50;2026-01-30 21:45:32.007073
1244;65;54;2026-01-30 21:45:35.735211
1245;65;63;2026-01-30 21:45:58.955353
1246;65;68;2026-01-30 21:46:22.923255
1247;65;71;2026-01-30 21:46:27.942779
1248;65;74;2026-01-30 21:46:37.349813
1249;65;76;2026-01-30 21:46:44.766891
1250;65;80;2026-01-30 21:46:54.217165
1251;65;84;2026-01-30 21:47:16.494785
1252;65;88;2026-01-30 21:47:24.176356
1253;65;97;2026-01-30 21:47:33.943741
1254;65;101;2026-01-30 21:47:37.868702
1255;65;103;2026-01-30 21:47:47.297446
1256;65;106;2026-01-30 21:47:54.374769
1257;65;114;2026-01-30 21:47:58.306397
1258;66;3;2026-01-30 21:51:05.847402
1259;66;2;2026-01-30 21:51:09.530323
1260;66;6;2026-01-30 21:51:18.778188
1261;66;8;2026-01-30 21:51:37.846393
1262;66;9;2026-01-30 21:51:39.617384
1263;66;11;2026-01-30 21:51:56.018782
1264;66;13;2026-01-30 21:51:56.216612
1265;66;14;2026-01-30 21:51:56.850959
1266;66;15;2026-01-30 21:51:58.418636
1267;66;25;2026-01-30 21:51:58.57746
1268;66;27;2026-01-30 21:52:01.453948
1269;66;30;2026-01-30 21:52:03.16041
1270;66;31;2026-01-30 21:52:03.392876
1271;66;35;2026-01-30 21:52:06.270656
1272;66;39;2026-01-30 21:52:06.597714
1273;66;43;2026-01-30 21:52:06.816644
1274;66;51;2026-01-30 21:52:07.181447
1275;66;57;2026-01-30 21:52:07.571145
1276;66;64;2026-01-30 21:52:11.436175
1277;66;69;2026-01-30 21:52:11.614708
1278;66;73;2026-01-30 21:52:13.712387
1279;66;74;2026-01-30 21:52:16.704164
1280;66;77;2026-01-30 21:52:17.404608
1281;66;82;2026-01-30 21:52:19.212322
1282;66;85;2026-01-30 21:52:20.427849
1283;66;89;2026-01-30 21:52:21.227342
1284;66;96;2026-01-30 21:52:24.655761
1285;66;100;2026-01-30 21:52:25.59043
1286;66;103;2026-01-30 21:52:28.131862
1287;66;107;2026-01-30 21:52:32.737458
1288;66;111;2026-01-30 21:52:38.23907
1289;67;2;2026-01-31 13:20:26.863598
1290;67;6;2026-01-31 13:20:28.100345
1291;67;9;2026-01-31 13:20:34.973972
1292;67;10;2026-01-31 13:20:45.345491
1293;67;13;2026-01-31 13:20:46.450242
1294;67;14;2026-01-31 13:20:48.537643
1295;67;16;2026-01-31 13:20:50.868198
1296;67;25;2026-01-31 13:20:52.899755
1297;67;28;2026-01-31 13:20:58.362198
1298;67;29;2026-01-31 13:20:59.505538
1299;67;31;2026-01-31 13:21:01.553563
1300;67;33;2026-01-31 13:21:10.432485
1301;67;37;2026-01-31 13:21:13.606956
1302;67;44;2026-01-31 13:21:14.868447
1303;67;51;2026-01-31 13:21:16.02811
1304;67;56;2026-01-31 13:21:18.063266
1305;67;64;2026-01-31 13:21:27.466563
1306;67;69;2026-01-31 13:21:28.546171
1307;67;73;2026-01-31 13:21:35.666568
1308;67;74;2026-01-31 13:21:43.623612
1309;67;77;2026-01-31 13:21:45.417001
1310;67;80;2026-01-31 13:21:48.967731
1311;67;86;2026-01-31 13:21:54.713811
1312;67;94;2026-01-31 13:22:04.303069
1313;67;97;2026-01-31 13:22:07.064885
1314;67;100;2026-01-31 13:22:09.30118
1315;67;104;2026-01-31 13:22:14.989734
1316;67;107;2026-01-31 13:22:21.749029
1317;67;113;2026-01-31 13:22:23.773585
1318;68;2;2026-02-03 15:11:51.078851
1319;68;6;2026-02-03 15:11:53.744134
1320;68;8;2026-02-03 15:12:01.031452
1321;68;9;2026-02-03 15:12:05.699175
1322;68;12;2026-02-03 15:12:07.669489
1323;68;13;2026-02-03 15:12:08.784693
1324;68;14;2026-02-03 15:12:09.913379
1325;68;20;2026-02-03 15:12:10.91142
1326;68;26;2026-02-03 15:12:11.822044
1327;68;27;2026-02-03 15:12:17.552638
1328;68;29;2026-02-03 15:12:18.940265
1329;68;31;2026-02-03 15:12:20.692042
1330;68;35;2026-02-03 15:12:32.550691
1331;68;39;2026-02-03 15:12:36.278416
1332;68;43;2026-02-03 15:12:40.090347
1333;68;50;2026-02-03 15:12:44.920062
1334;68;55;2026-02-03 15:12:50.071454
1335;68;54;2026-02-03 15:12:52.374215
1336;68;64;2026-02-03 15:13:04.866718
1337;68;69;2026-02-03 15:13:07.049325
1338;68;72;2026-02-03 15:13:10.986402
1339;68;74;2026-02-03 15:13:17.417166
1340;68;77;2026-02-03 15:13:19.125389
1341;68;81;2026-02-03 15:13:20.5392
1342;68;85;2026-02-03 15:13:21.475038
1343;68;90;2026-02-03 15:13:24.959072
1344;68;96;2026-02-03 15:13:26.23497
1345;68;102;2026-02-03 15:13:27.370954
1346;68;105;2026-02-03 15:13:32.42246
1347;68;108;2026-02-03 15:13:37.636835
1348;68;114;2026-02-03 15:13:38.834401
1349;69;2;2026-02-03 15:19:37.23406
1350;69;5;2026-02-03 15:19:38.316736
1351;69;9;2026-02-03 15:19:42.86886
1352;69;11;2026-02-03 15:19:43.887182
1353;69;13;2026-02-03 15:19:46.070952
1354;69;14;2026-02-03 15:19:46.639794
1355;69;16;2026-02-03 15:19:48.702833
1356;69;25;2026-02-03 15:19:49.919807
1357;69;28;2026-02-03 15:19:52.584365
1358;69;30;2026-02-03 15:19:53.654907
1359;69;32;2026-02-03 15:19:54.532283
1360;69;35;2026-02-03 15:19:59.577171
1361;69;38;2026-02-03 15:20:00.515221
1362;69;45;2026-02-03 15:20:01.282129
1363;69;52;2026-02-03 15:20:02.102853
1364;69;50;2026-02-03 15:20:03.482712
1365;69;55;2026-02-03 15:20:04.652183
1366;69;54;2026-02-03 15:20:05.552459
1367;69;63;2026-02-03 15:20:10.742714
1368;69;68;2026-02-03 15:20:11.684495
1369;69;72;2026-02-03 15:20:13.982225
1370;69;75;2026-02-03 15:20:18.067521
1371;69;81;2026-02-03 15:20:18.767761
1372;69;85;2026-02-03 15:20:19.251481
1373;69;91;2026-02-03 15:20:21.786206
1374;69;94;2026-02-03 15:20:22.584241
1375;69;96;2026-02-03 15:20:23.288781
1376;69;101;2026-02-03 15:20:24.284876
1377;69;104;2026-02-03 15:20:26.765005
1378;69;107;2026-02-03 15:20:28.770487
1379;69;113;2026-02-03 15:20:29.968633
1380;70;3;2026-02-03 15:48:36.824376
1381;70;2;2026-02-03 15:48:39.125283
1382;70;5;2026-02-03 15:48:40.947795
1383;70;9;2026-02-03 15:48:44.800194
1384;70;11;2026-02-03 15:48:47.881963
1385;70;13;2026-02-03 15:48:49.070222
1386;70;14;2026-02-03 15:48:50.156242
1387;70;16;2026-02-03 15:48:51.673091
1388;70;25;2026-02-03 15:48:58.361722
1389;71;2;2026-02-03 15:49:34.051304
1390;71;5;2026-02-03 15:49:34.841747
1391;71;9;2026-02-03 15:49:38.139982
1392;71;11;2026-02-03 15:49:39.529434
1393;71;13;2026-02-03 15:49:40.39476
1394;71;14;2026-02-03 15:49:41.028519
1395;71;19;2026-02-03 15:56:56.964582
1396;71;25;2026-02-03 15:56:58.259294
1397;71;27;2026-02-03 15:57:02.615286
1398;71;29;2026-02-03 15:57:07.118419
1399;71;31;2026-02-03 15:57:08.559931
1400;71;34;2026-02-03 15:57:17.016816
1401;71;38;2026-02-03 15:57:19.262261
1402;71;42;2026-02-03 15:57:20.568331
1403;71;49;2026-02-03 15:57:22.349515
1404;71;60;2026-02-03 15:57:31.577026
1405;71;54;2026-02-03 15:57:33.236875
1406;71;63;2026-02-03 15:57:39.750542
1407;71;69;2026-02-03 15:57:43.17736
1408;71;72;2026-02-03 15:57:46.55322
1409;71;74;2026-02-03 15:57:56.615913
1410;71;77;2026-02-03 15:57:58.346185
1411;71;81;2026-02-03 15:58:03.571019
1412;71;85;2026-02-03 15:58:05.943294
1413;71;90;2026-02-03 15:58:11.175947
1414;71;96;2026-02-03 15:58:14.071526
1415;71;99;2026-02-03 15:58:16.287844
1416;71;105;2026-02-03 15:58:22.360191
1417;71;107;2026-02-03 15:58:29.384823
1418;71;110;2026-02-03 15:58:31.231116
1419;73;3;2026-02-03 16:09:59.108081
1420;73;2;2026-02-03 16:10:07.642217
1421;73;5;2026-02-03 16:10:08.605431
1422;73;9;2026-02-03 16:10:17.166104
1423;73;11;2026-02-03 16:10:18.144447
1424;73;13;2026-02-03 16:10:18.692474
1425;73;14;2026-02-03 16:10:19.259413
1426;73;19;2026-02-03 16:10:20.410376
1427;73;25;2026-02-03 16:10:21.424872
1428;73;28;2026-02-03 16:10:24.042781
1429;73;29;2026-02-03 16:10:24.646772
1430;73;32;2026-02-03 16:10:25.456948
1431;73;34;2026-02-03 16:10:28.105755
1432;73;38;2026-02-03 16:10:28.656297
1433;73;45;2026-02-03 16:10:28.841336
1434;73;49;2026-02-03 16:10:29.005566
1435;74;3;2026-02-03 16:10:51.941687
1436;75;3;2026-02-03 16:12:04.95948
1437;76;1;2026-02-03 17:30:25.526303
1438;76;3;2026-02-03 17:30:29.802805
1439;76;2;2026-02-03 17:30:32.263255
1440;76;7;2026-02-03 17:30:37.213062
1441;76;9;2026-02-03 17:30:48.73936
1442;76;12;2026-02-03 17:30:51.418397
1443;76;13;2026-02-03 17:30:52.557662
1444;76;14;2026-02-03 17:30:53.624392
1445;76;15;2026-02-03 17:30:55.228749
1446;76;25;2026-02-03 17:30:56.6506
1447;76;28;2026-02-03 17:30:59.722247
1448;76;29;2026-02-03 17:31:01.656332
1449;76;31;2026-02-03 17:31:02.948716
1450;76;35;2026-02-03 17:31:06.983963
1451;76;38;2026-02-03 17:31:08.235683
1452;76;47;2026-02-03 17:31:10.37464
1453;76;45;2026-02-03 17:31:11.435857
1454;76;50;2026-02-03 17:31:12.481091
1455;76;53;2026-02-03 17:31:13.580274
1456;76;64;2026-02-03 17:31:17.609534
1457;76;68;2026-02-03 17:31:18.612843
1458;76;73;2026-02-03 17:31:21.271002
1459;76;75;2026-02-03 17:31:25.127102
1460;76;80;2026-02-03 17:31:26.154221
1461;76;86;2026-02-03 17:32:37.190563
1462;76;94;2026-02-03 17:32:40.957348
1463;76;97;2026-02-03 17:32:42.022514
1464;76;99;2026-02-03 17:32:43.222069
1465;76;105;2026-02-03 17:35:13.82262
1466;76;108;2026-02-03 17:35:19.761623
1467;76;114;2026-02-03 17:35:20.857117
1468;77;1;2026-02-09 10:12:19.855558
1469;77;3;2026-02-09 10:12:50.447076
1470;77;2;2026-02-09 10:13:20.337595
1471;79;1;2026-02-09 19:28:14.140401
1472;79;2;2026-02-09 19:28:26.132652
1473;79;7;2026-02-09 19:28:40.09415
1474;79;8;2026-02-09 19:29:24.645008
1475;79;9;2026-02-09 19:29:30.379186
1476;79;11;2026-02-09 19:29:47.932901
1477;79;13;2026-02-09 19:29:56.443533
1478;79;14;2026-02-09 19:30:04.953803
1479;79;16;2026-02-09 19:30:23.87548
1480;79;25;2026-02-09 19:30:32.468929
1481;79;28;2026-02-09 19:30:39.961814
1482;79;30;2026-02-09 19:31:02.60689
1483;79;31;2026-02-09 19:31:10.805983
1484;79;34;2026-02-09 19:32:07.349443
1485;79;38;2026-02-09 19:32:56.766624
1486;79;47;2026-02-09 19:33:12.628024
1487;79;45;2026-02-09 19:33:15.26421
1488;79;49;2026-02-09 19:33:17.89241
1489;79;60;2026-02-09 19:33:38.708036
1490;79;55;2026-02-09 19:34:04.514598
1491;79;53;2026-02-09 19:34:14.32865
1492;79;63;2026-02-09 19:34:29.495971
1493;79;70;2026-02-09 19:34:30.99339
1494;79;69;2026-02-09 19:34:33.606911
1495;79;73;2026-02-09 19:34:37.364301
1496;79;74;2026-02-09 19:35:05.278256
1497;79;76;2026-02-09 19:35:13.962583
1498;79;82;2026-02-09 19:35:17.507153
1499;79;86;2026-02-09 19:35:18.21565
1500;79;94;2026-02-09 19:35:20.865273
1501;79;97;2026-02-09 19:35:21.673944
1502;79;100;2026-02-09 19:35:22.705974
1503;79;105;2026-02-09 19:35:24.934749
1504;79;108;2026-02-09 19:35:30.121389
1505;79;114;2026-02-09 19:35:31.278567
1506;80;3;2026-02-12 14:29:50.649265
1507;80;2;2026-02-12 14:29:55.14312
1508;80;6;2026-02-12 14:29:56.191775
1509;80;9;2026-02-12 14:29:58.553897
1510;80;11;2026-02-12 14:29:59.492529
1511;80;13;2026-02-12 14:30:00.242383
1512;80;14;2026-02-12 14:30:00.836018
1513;80;16;2026-02-12 14:30:01.583592
1514;80;25;2026-02-12 14:30:02.513628
1515;80;28;2026-02-12 14:30:04.919752
1516;80;29;2026-02-12 14:30:05.625705
1517;80;32;2026-02-12 14:30:06.557089
1518;80;33;2026-02-12 14:30:18.233904
1519;80;37;2026-02-12 14:30:22.075982
1520;80;44;2026-02-12 14:30:33.476489
1521;80;52;2026-02-12 14:30:36.773976
1522;80;51;2026-02-12 14:30:38.632842
1523;80;57;2026-02-12 14:30:40.034495
1524;80;64;2026-02-12 14:30:49.343433
1525;80;70;2026-02-12 14:30:50.778875
1526;80;68;2026-02-12 14:30:51.909335
1527;80;73;2026-02-12 14:30:57.323805
1528;80;75;2026-02-12 14:31:02.596064
1529;80;81;2026-02-12 14:31:04.096065
1530;80;86;2026-02-12 14:31:06.076229
1531;80;93;2026-02-12 14:31:11.431861
1532;80;96;2026-02-12 14:31:12.46605
1533;80;101;2026-02-12 14:31:14.79144
1534;80;104;2026-02-12 14:31:18.258075
1535;80;107;2026-02-12 14:31:21.692324
1536;80;113;2026-02-12 14:31:22.591673
1537;81;1;2026-02-12 16:20:20.898744
1538;86;1;2026-02-12 16:20:21.956948
1539;82;3;2026-02-12 16:21:11.329077
1540;85;3;2026-02-12 16:21:13.200688
1541;84;2;2026-02-12 16:21:30.080402
1542;83;1;2026-02-12 16:27:08.324701
1543;83;3;2026-02-12 16:27:21.233029
1544;83;2;2026-02-12 16:27:25.605555
1545;82;2;2026-02-12 16:28:42.970279
1546;85;2;2026-02-12 16:28:44.863838
1547;86;2;2026-02-12 16:28:47.596949
1548;81;2;2026-02-12 16:28:50.63601
1549;85;4;2026-02-12 16:30:40.101204
1550;86;5;2026-02-12 16:31:09.696346
1551;83;6;2026-02-12 16:31:47.304783
1552;84;7;2026-02-12 16:31:58.208461
1553;81;7;2026-02-12 16:31:58.544189
1554;82;7;2026-02-12 16:32:01.424471
1555;85;8;2026-02-12 16:37:42.651897
1556;81;8;2026-02-12 16:37:50.424134
1557;86;8;2026-02-12 16:37:53.000586
1558;82;9;2026-02-12 16:37:55.458459
1559;84;9;2026-02-12 16:38:08.460001
1560;85;9;2026-02-12 16:38:15.65018
1561;81;9;2026-02-12 16:38:19.881664
1562;86;9;2026-02-12 16:38:23.296608
1563;83;8;2026-02-12 16:39:11.941915
1564;83;9;2026-02-12 16:39:14.574348
1565;84;10;2026-02-12 16:39:47.189099
1566;82;10;2026-02-12 16:39:47.512678
1567;85;11;2026-02-12 16:40:07.619245
1568;86;11;2026-02-12 16:40:13.12848
1569;83;12;2026-02-12 16:40:50.345367
1570;81;12;2026-02-12 16:42:00.243096
1571;81;13;2026-02-12 16:42:28.262557
1572;84;13;2026-02-12 16:42:30.631182
1573;85;13;2026-02-12 16:42:32.536574
1574;83;13;2026-02-12 16:42:39.79809
1575;82;13;2026-02-12 16:43:46.656354
1576;81;14;2026-02-12 16:43:50.895816
1577;85;14;2026-02-12 16:43:52.007738
1578;83;14;2026-02-12 16:43:56.598423
1579;84;14;2026-02-12 16:43:57.010246
1580;86;13;2026-02-12 16:43:58.105865
1581;82;14;2026-02-12 16:44:01.361455
1582;86;14;2026-02-12 16:44:02.918213
1583;85;15;2026-02-12 16:44:16.536434
1584;81;16;2026-02-12 16:44:17.633939
1585;84;19;2026-02-12 16:44:18.26259
1586;83;15;2026-02-12 16:44:22.166416
1587;82;17;2026-02-12 16:44:22.669502
1588;86;21;2026-02-12 16:44:25.4329
1589;84;24;2026-02-12 16:44:37.014701
1590;85;25;2026-02-12 16:44:40.427634
1591;82;24;2026-02-12 16:44:43.067614
1592;81;26;2026-02-12 16:44:43.665039
1593;83;26;2026-02-12 16:44:44.090236
1594;86;25;2026-02-12 16:44:44.552427
1595;81;28;2026-02-12 16:45:35.314105
1596;85;27;2026-02-12 16:45:39.472442
1597;82;27;2026-02-12 16:45:41.919023
1598;83;28;2026-02-12 16:45:49.622362
1599;86;28;2026-02-12 16:45:51.740235
1600;84;27;2026-02-12 16:45:52.183978
1601;82;30;2026-02-12 16:49:31.844479
1602;84;30;2026-02-12 16:49:37.082578
1603;81;29;2026-02-12 16:49:37.740601
1604;86;29;2026-02-12 16:49:45.116495
1605;83;30;2026-02-12 16:50:18.028567
1606;85;29;2026-02-12 16:50:25.712853
1607;82;32;2026-02-12 16:51:42.133705
1608;84;32;2026-02-12 16:51:42.805606
1609;85;31;2026-02-12 16:51:44.180067
1610;81;31;2026-02-12 16:51:48.849667
1611;86;31;2026-02-12 16:51:49.024788
1612;83;32;2026-02-12 16:52:37.629979
1613;82;33;2026-02-12 16:55:59.488552
1614;86;34;2026-02-12 16:56:43.168111
1615;83;35;2026-02-12 16:57:02.122925
1616;85;35;2026-02-12 16:57:11.452058
1617;84;36;2026-02-12 16:57:16.3707
1618;81;36;2026-02-12 16:57:23.859194
1619;84;33;2026-02-12 16:57:40.293386
1620;81;33;2026-02-12 16:57:41.774284
1621;82;37;2026-02-12 16:58:08.032902
1622;85;38;2026-02-12 16:58:48.761168
1623;86;38;2026-02-12 16:58:49.180488
1624;83;39;2026-02-12 16:59:03.237337
1625;84;39;2026-02-12 16:59:03.533096
1626;81;40;2026-02-12 16:59:12.765103
1627;81;38;2026-02-12 17:00:05.222094
1628;82;41;2026-02-12 17:02:21.483446
1629;84;42;2026-02-12 17:03:10.137791
1630;82;50;2026-02-12 17:03:35.607684
1631;84;51;2026-02-12 17:04:21.79528
1632;85;44;2026-02-12 17:07:14.948671
1633;86;43;2026-02-12 17:07:24.184316
1634;86;48;2026-02-12 17:07:47.665285
1635;85;52;2026-02-12 17:08:25.943898
1636;85;51;2026-02-12 17:08:43.168651
1637;83;47;2026-02-12 17:10:41.610055
1638;81;46;2026-02-12 17:11:04.468596
1639;83;45;2026-02-12 17:11:05.153088
1640;83;48;2026-02-12 17:12:31.492536
1641;81;49;2026-02-12 17:13:08.490694
1642;81;60;2026-02-12 17:14:14.985496
1643;81;54;2026-02-12 17:14:17.61556
1644;85;57;2026-02-12 17:14:39.207131
1645;84;56;2026-02-12 17:14:46.709727
1646;82;53;2026-02-12 17:14:48.273076
1647;82;62;2026-02-12 17:16:32.980578
1648;83;63;2026-02-12 17:17:43.093634
1649;84;64;2026-02-12 17:18:06.938956
1650;85;65;2026-02-12 17:18:58.417522
1651;86;65;2026-02-12 17:18:58.602683
1652;81;66;2026-02-12 17:19:05.709599
1653;81;70;2026-02-12 17:19:40.587263
1654;82;67;2026-02-12 17:19:50.499262
1655;84;67;2026-02-12 17:19:53.074256
1656;85;68;2026-02-12 17:20:24.547123
1657;86;68;2026-02-12 17:20:25.144415
1658;83;70;2026-02-12 17:20:34.266331
1659;81;69;2026-02-12 17:20:36.663544
1660;83;69;2026-02-12 17:21:16.331007
1661;84;71;2026-02-12 17:22:15.259275
1662;82;71;2026-02-12 17:22:16.066854
1663;85;72;2026-02-12 17:22:30.815387
1664;86;72;2026-02-12 17:22:31.821007
1665;83;73;2026-02-12 17:22:42.030543
1666;81;73;2026-02-12 17:22:46.846607
1667;83;75;2026-02-12 17:24:45.417333
1668;82;75;2026-02-12 17:24:51.733908
1669;84;75;2026-02-12 17:24:57.036385
1670;85;74;2026-02-12 17:25:00.090122
1671;86;74;2026-02-12 17:25:04.451513
1672;81;74;2026-02-12 17:25:07.129213
1673;86;76;2026-02-12 17:26:23.967356
1674;85;77;2026-02-12 17:26:38.632674
1675;81;77;2026-02-12 17:27:16.214063
1676;85;81;2026-02-12 17:27:42.397363
1677;85;85;2026-02-12 17:27:49.055422
1678;85;89;2026-02-12 17:27:57.247019
1679;85;96;2026-02-12 17:27:59.802969
1680;85;98;2026-02-12 17:28:01.581187
1681;82;80;2026-02-12 17:28:06.350635
1682;85;104;2026-02-12 17:28:15.419916
1683;84;81;2026-02-12 17:28:21.874428
1684;85;108;2026-02-12 17:28:23.449361
1685;85;110;2026-02-12 17:28:26.55883
1686;83;82;2026-02-12 17:28:41.459588
1687;86;83;2026-02-12 17:30:33.562668
1688;81;83;2026-02-12 17:30:36.902835
1689;82;84;2026-02-12 17:31:14.107994
1690;84;84;2026-02-12 17:31:14.905806
1691;82;87;2026-02-12 17:32:16.036905
1692;84;88;2026-02-12 17:32:24.856851
1693;83;85;2026-02-12 17:32:46.084819
1694;86;85;2026-02-12 17:32:56.653087
1695;87;3;2026-02-12 17:33:40.088902
1696;87;2;2026-02-12 17:33:43.376542
1697;87;6;2026-02-12 17:33:44.949005
1698;87;8;2026-02-12 17:33:48.477619
1699;87;9;2026-02-12 17:33:50.095406
1700;87;12;2026-02-12 17:33:51.761404
1701;87;13;2026-02-12 17:33:52.690487
1702;87;14;2026-02-12 17:33:53.982395
1703;87;15;2026-02-12 17:33:56.414074
1704;87;26;2026-02-12 17:33:57.860052
1705;87;27;2026-02-12 17:34:01.628827
1706;87;29;2026-02-12 17:34:03.117318
1707;87;32;2026-02-12 17:34:04.902371
1708;87;34;2026-02-12 17:34:10.462485
1709;87;38;2026-02-12 17:34:11.982644
1710;87;42;2026-02-12 17:34:14.163275
1711;87;49;2026-02-12 17:34:15.168225
1712;87;61;2026-02-12 17:34:41.395668
1713;87;58;2026-02-12 17:34:43.438255
1714;87;57;2026-02-12 17:34:44.971404
1715;83;89;2026-02-12 17:34:50.064627
1716;87;63;2026-02-12 17:34:51.034633
1717;87;68;2026-02-12 17:34:52.148598
1718;87;72;2026-02-12 17:35:00.415235
1719;87;75;2026-02-12 17:35:07.577387
1720;87;81;2026-02-12 17:35:10.013335
1721;87;85;2026-02-12 17:35:11.188471
1722;87;90;2026-02-12 17:35:13.961456
1723;87;96;2026-02-12 17:35:16.896183
1724;87;99;2026-02-12 17:35:34.031523
1725;86;91;2026-02-12 17:35:40.605293
1726;87;104;2026-02-12 17:35:41.490435
1727;87;106;2026-02-12 17:35:47.509271
1728;87;109;2026-02-12 17:35:54.636575
1729;88;2;2026-02-12 17:36:23.031192
1730;88;6;2026-02-12 17:36:25.20434
1731;88;9;2026-02-12 17:36:28.336142
1732;88;11;2026-02-12 17:36:29.538766
1733;88;13;2026-02-12 17:36:30.396166
1734;86;94;2026-02-12 17:36:30.417486
1735;88;14;2026-02-12 17:36:31.281252
1736;88;16;2026-02-12 17:36:32.407971
1737;88;26;2026-02-12 17:36:33.934416
1738;88;28;2026-02-12 17:36:37.386316
1739;88;29;2026-02-12 17:36:38.245429
1740;88;31;2026-02-12 17:36:50.588314
1741;88;34;2026-02-12 17:36:56.604238
1742;88;38;2026-02-12 17:36:57.570277
1743;88;42;2026-02-12 17:36:58.452079
1744;88;49;2026-02-12 17:36:59.292018
1745;81;86;2026-02-12 17:37:06.088439
1746;88;61;2026-02-12 17:37:08.957873
1747;88;58;2026-02-12 17:37:10.090217
1748;88;57;2026-02-12 17:37:11.736622
1749;88;65;2026-02-12 17:37:18.435322
1750;88;67;2026-02-12 17:37:21.384654
1751;88;71;2026-02-12 17:37:26.287
1752;88;74;2026-02-12 17:37:37.027595
1753;88;76;2026-02-12 17:37:38.632883
1754;88;81;2026-02-12 17:37:44.140048
1755;88;85;2026-02-12 17:37:45.534267
1756;88;91;2026-02-12 17:37:49.889084
1757;88;92;2026-02-12 17:38:23.858208
1758;81;93;2026-02-12 17:38:47.996228
1759;86;95;2026-02-12 17:39:26.138747
1760;83;96;2026-02-12 17:40:04.615719
1761;82;96;2026-02-12 17:40:04.622128
1762;84;96;2026-02-12 17:40:12.731903
1763;88;97;2026-02-12 17:40:22.155205
1764;81;96;2026-02-12 17:40:41.623013
1765;82;98;2026-02-12 17:40:56.116414
1766;84;99;2026-02-12 17:41:14.008999
1767;88;100;2026-02-12 17:41:18.775909
1768;83;101;2026-02-12 17:41:32.027323
1769;81;102;2026-02-12 17:41:33.572841
1770;84;102;2026-02-12 17:42:27.088302
1771;82;103;2026-02-12 17:43:14.623007
1772;84;103;2026-02-12 17:43:15.233229
1773;88;104;2026-02-12 17:43:44.233585
1774;86;104;2026-02-12 17:44:02.007376
1775;83;105;2026-02-12 17:44:07.499244
1776;81;105;2026-02-12 17:44:39.905074
1777;82;106;2026-02-12 17:46:35.691232
1778;84;106;2026-02-12 17:46:35.987411
1779;86;107;2026-02-12 17:47:01.115386
1780;88;107;2026-02-12 17:47:04.782103
1781;81;108;2026-02-12 17:47:08.59912
1782;83;108;2026-02-12 17:47:11.984986
1783;82;109;2026-02-12 17:47:23.650932
1784;84;113;2026-02-12 17:47:25.315956
1785;81;114;2026-02-12 17:47:30.487821
1786;88;113;2026-02-12 17:47:30.766083
1787;83;114;2026-02-12 17:47:30.821857
1788;86;114;2026-02-12 17:47:44.977429
1789;89;2;2026-02-17 17:18:24.26881
1790;89;6;2026-02-17 17:18:24.696129
1791;89;8;2026-02-17 17:18:26.225122
1792;89;9;2026-02-17 17:18:26.983811
1793;89;12;2026-02-17 17:18:27.448024
1794;89;13;2026-02-17 17:18:27.875695
1795;89;14;2026-02-17 17:18:28.273768
1796;89;17;2026-02-17 17:18:29.532928
1797;89;26;2026-02-17 17:18:30.111087
1798;89;28;2026-02-17 17:18:31.881843
1799;89;29;2026-02-17 17:18:32.367697
1800;89;32;2026-02-17 17:18:32.953288
1801;89;35;2026-02-17 17:18:34.694198
1802;89;39;2026-02-17 17:18:35.143553
1803;89;46;2026-02-17 17:18:35.571023
1804;89;50;2026-02-17 17:18:36.208639
1805;89;55;2026-02-17 17:18:36.621334
1806;89;54;2026-02-17 17:18:37.431871
1807;89;64;2026-02-17 17:18:39.725699
1808;89;68;2026-02-17 17:18:40.401347
1809;89;73;2026-02-17 17:18:41.98319
1810;89;75;2026-02-17 17:18:44.662375
1811;89;82;2026-02-17 17:18:45.463164
1812;89;86;2026-02-17 17:18:46.07088
1813;89;94;2026-02-17 17:18:47.818729
1814;89;97;2026-02-17 17:18:48.553482
1815;89;98;2026-02-17 17:18:50.330444
1816;89;105;2026-02-17 17:20:29.954038
1817;89;108;2026-02-17 18:02:01.187348
1818;89;113;2026-02-17 18:02:03.137582
1819;90;2;2026-02-17 18:02:34.684609
1820;90;5;2026-02-17 18:02:36.273517
1821;90;9;2026-02-17 18:02:38.411791
1822;90;12;2026-02-17 18:02:40.489272
1823;90;13;2026-02-17 18:02:42.386367
1824;90;14;2026-02-17 18:02:43.281963
1825;90;16;2026-02-17 18:02:44.307812
1826;90;25;2026-02-17 18:02:45.186096
1827;90;28;2026-02-17 18:02:46.924031
1828;90;30;2026-02-17 18:02:49.227817
1829;90;32;2026-02-17 18:02:50.802467
1830;90;34;2026-02-17 18:02:53.089456
1831;90;39;2026-02-17 18:02:54.86636
1832;91;2;2026-02-18 07:25:19.198239
1833;91;7;2026-02-18 07:25:20.399649
1834;91;9;2026-02-18 07:25:22.88472
1835;91;11;2026-02-18 07:25:26.108199
1836;91;13;2026-02-18 07:25:27.715525
1837;91;14;2026-02-18 07:25:28.456665
1838;91;19;2026-02-18 07:25:29.580436
1839;91;25;2026-02-18 07:25:30.695686
1840;91;28;2026-02-18 07:25:33.36206
1841;91;30;2026-02-18 07:25:34.145731
1842;91;32;2026-02-18 07:25:35.142813
1843;91;34;2026-02-18 07:25:39.718485
1844;91;38;2026-02-18 07:25:40.293313
1845;91;45;2026-02-18 07:25:40.862013
1846;91;52;2026-02-18 07:25:42.443545
1847;91;49;2026-02-18 07:25:43.359745
1848;91;59;2026-02-18 07:25:50.495918
1849;91;66;2026-02-18 07:25:55.183278
1850;91;70;2026-02-18 07:25:56.009997
1851;91;68;2026-02-18 07:25:57.349265
1852;91;72;2026-02-18 07:26:00.26925
1853;91;75;2026-02-18 07:26:04.097118
1854;91;81;2026-02-18 07:26:05.236365
1855;91;85;2026-02-18 07:26:06.181523
1856;91;90;2026-02-18 07:26:08.830808
1857;91;96;2026-02-18 07:26:10.209684
1858;91;98;2026-02-18 07:26:12.362662
1859;92;1;2026-02-18 09:05:08.39516
1860;92;3;2026-02-18 09:05:11.234414
1861;92;2;2026-02-18 09:05:13.818423
1862;92;5;2026-02-18 09:05:18.58157
1863;92;9;2026-02-18 09:05:24.690409
1864;92;11;2026-02-18 09:05:27.049251
1865;92;13;2026-02-18 09:05:28.76756
1866;92;14;2026-02-18 09:05:31.537799
1867;92;16;2026-02-18 09:05:37.827151
1868;92;25;2026-02-18 09:05:39.498217
1869;92;27;2026-02-18 09:05:44.116534
1870;92;29;2026-02-18 09:05:53.345159
1871;92;31;2026-02-18 09:05:57.335845
1872;92;34;2026-02-18 09:06:02.867258
1873;92;38;2026-02-18 09:06:04.609754
1874;92;45;2026-02-18 09:06:09.448987
1875;92;52;2026-02-18 09:06:11.267134
1876;92;49;2026-02-18 09:06:12.682839
1877;92;60;2026-02-18 09:06:17.128473
1878;92;54;2026-02-18 09:06:18.081199
1879;92;63;2026-02-18 09:06:22.562756
1880;92;68;2026-02-18 09:06:23.586664
1881;92;72;2026-02-18 09:06:27.456116
1882;92;75;2026-02-18 09:06:33.850906
1883;92;81;2026-02-18 09:06:37.658578
1884;92;85;2026-02-18 09:06:40.360351
1885;92;89;2026-02-18 09:06:57.005121
1886;92;95;2026-02-18 09:06:59.938797
1887;92;103;2026-02-18 09:07:01.954417
1888;92;107;2026-02-18 09:07:06.61173
1889;92;110;2026-02-18 09:07:08.442286
1890;93;3;2026-02-18 10:54:00.557595
1891;93;2;2026-02-18 10:54:02.307486
1892;93;4;2026-02-18 10:54:03.622892
1893;93;9;2026-02-18 10:54:05.220263
1894;93;11;2026-02-18 10:54:07.099247
1895;93;13;2026-02-18 10:54:07.750842
1896;93;14;2026-02-18 10:54:08.438159
1897;93;16;2026-02-18 10:54:09.229831
1898;93;25;2026-02-18 10:54:10.107723
1899;93;28;2026-02-18 10:54:12.958194
1900;93;29;2026-02-18 10:54:13.852427
1901;93;32;2026-02-18 10:54:14.78356
1902;93;35;2026-02-18 10:54:23.830276
1903;93;39;2026-02-18 10:54:24.470482
1904;93;43;2026-02-18 10:54:25.71756
1905;93;50;2026-02-18 10:54:27.430653
1906;93;55;2026-02-18 10:54:28.77421
1907;93;54;2026-02-18 10:54:29.830466
1908;93;64;2026-02-18 10:54:33.822803
1909;93;69;2026-02-18 10:54:34.950494
1910;93;72;2026-02-18 10:54:38.12693
1911;93;74;2026-02-18 10:54:42.318298
1912;93;77;2026-02-18 10:54:43.501477
1913;93;82;2026-02-18 10:54:45.11788
1914;93;86;2026-02-18 10:54:46.454524
1915;93;93;2026-02-18 10:54:49.437884
1916;93;96;2026-02-18 10:54:50.878467
1917;93;98;2026-02-18 10:54:53.04468
1918;93;103;2026-02-18 10:55:16.110116
1919;93;108;2026-02-18 10:55:19.608781
1920;93;114;2026-02-18 10:55:20.709474
1921;94;1;2026-02-20 13:41:12.398219
1922;94;2;2026-02-20 13:41:15.240494
1923;94;7;2026-02-20 13:41:16.481827
1924;94;8;2026-02-20 13:41:21.465882
1925;94;9;2026-02-20 13:41:22.386487
1926;94;12;2026-02-20 13:41:23.290505
1927;94;13;2026-02-20 13:41:23.997807
1928;94;14;2026-02-20 13:41:24.472184
1929;94;23;2026-02-20 13:41:44.165137
1930;94;24;2026-02-20 13:41:44.976445
1931;94;28;2026-02-20 13:41:47.319578
1932;94;29;2026-02-20 13:41:47.971474
1933;94;32;2026-02-20 13:41:48.680795
1934;94;33;2026-02-20 13:41:51.707487
1935;94;38;2026-02-20 13:41:52.225701
1936;94;46;2026-02-20 13:41:52.752207
1937;94;50;2026-02-20 13:41:53.416833
1938;94;53;2026-02-20 13:41:54.404049
1939;94;64;2026-02-20 13:41:58.421104
1940;94;70;2026-02-20 13:41:59.239172
1941;94;69;2026-02-20 13:42:00.048199
1942;94;71;2026-02-20 13:42:01.699794
1943;94;75;2026-02-20 13:42:05.040635
1944;94;80;2026-02-20 13:42:05.573996
1945;94;86;2026-02-20 13:42:05.997551
1946;94;93;2026-02-20 13:42:07.722829
1947;94;97;2026-02-20 13:42:08.681753
1948;94;101;2026-02-20 13:42:09.113035
1949;94;103;2026-02-20 13:42:10.510551
1950;94;107;2026-02-20 13:42:16.552314
1951;94;114;2026-02-20 13:42:17.082471
1952;95;2;2026-02-20 13:52:25.815603
1953;95;6;2026-02-20 13:52:26.543833
1954;95;9;2026-02-20 13:52:28.095688
1955;95;12;2026-02-20 13:52:28.456232
1956;95;13;2026-02-20 13:52:28.935684
1957;95;14;2026-02-20 13:52:29.317802
1958;95;20;2026-02-20 13:52:29.655024
1959;95;26;2026-02-20 13:52:30.075041
1960;95;28;2026-02-20 13:52:31.688042
1961;95;29;2026-02-20 13:52:32.063809
1962;95;32;2026-02-20 13:52:32.768134
1963;95;35;2026-02-20 13:52:34.486313
1964;95;39;2026-02-20 13:52:34.890853
1965;95;46;2026-02-20 13:52:35.408011
1966;95;50;2026-02-20 13:52:36.886393
1967;95;55;2026-02-20 13:52:37.4936
1968;95;54;2026-02-20 13:52:38.258948
1969;95;64;2026-02-20 13:52:56.244008
1970;95;68;2026-02-20 13:52:56.828204
1971;95;73;2026-02-20 13:53:02.146785
1972;95;75;2026-02-20 13:53:05.236549
1973;95;82;2026-02-20 13:53:07.546127
1974;95;86;2026-02-20 13:53:08.904564
1975;95;94;2026-02-20 13:53:14.064001
1976;95;97;2026-02-20 13:53:14.723162
1977;95;100;2026-02-20 13:53:16.305837
1978;95;104;2026-02-20 13:53:27.106937
1979;96;2;2026-02-20 13:53:52.0736
1980;96;6;2026-02-20 13:53:52.358856
1981;96;8;2026-02-20 13:53:54.136333
1982;96;9;2026-02-20 13:53:54.864179
1983;96;12;2026-02-20 13:53:55.186354
1984;96;13;2026-02-20 13:53:55.52386
1985;96;14;2026-02-20 13:53:55.965298
1986;96;17;2026-02-20 13:53:56.318908
1987;96;26;2026-02-20 13:53:56.873807
1988;96;28;2026-02-20 13:53:58.583471
1989;96;29;2026-02-20 13:53:58.907455
1990;96;32;2026-02-20 13:53:59.528827
1991;96;35;2026-02-20 13:54:01.029378
1992;96;38;2026-02-20 13:54:01.366449
1993;96;46;2026-02-20 13:54:01.697024
1994;96;52;2026-02-20 13:54:02.019068
1995;96;50;2026-02-20 13:54:02.446837
1996;96;54;2026-02-20 13:54:03.015684
1997;96;64;2026-02-20 13:54:05.468186
1998;96;69;2026-02-20 13:54:05.881114
1999;96;73;2026-02-20 13:54:07.358906
2000;96;75;2026-02-20 13:54:10.389333
2001;96;82;2026-02-20 13:54:10.884469
2002;96;86;2026-02-20 13:54:11.364586
2003;96;94;2026-02-20 13:54:12.856256
2004;96;97;2026-02-20 13:54:13.696908
2005;96;100;2026-02-20 13:54:14.439523
2006;96;103;2026-02-20 13:54:20.259101
2007;97;2;2026-02-20 13:54:38.627842
2008;97;6;2026-02-20 13:54:38.85932
2009;97;9;2026-02-20 13:54:40.481102
2010;97;12;2026-02-20 13:54:40.801916
2011;97;13;2026-02-20 13:54:41.191837
2012;97;14;2026-02-20 13:54:41.54418
2013;97;20;2026-02-20 13:54:41.859485
2014;97;26;2026-02-20 13:54:42.310271
2015;97;28;2026-02-20 13:54:43.891027
2016;97;29;2026-02-20 13:54:44.207514
2017;97;32;2026-02-20 13:54:44.829437
2018;97;35;2026-02-20 13:54:47.244657
2019;97;39;2026-02-20 13:54:47.551677
2020;97;46;2026-02-20 13:54:47.8893
2021;97;50;2026-02-20 13:54:48.241551
2022;97;55;2026-02-20 13:54:48.668947
2023;97;54;2026-02-20 13:54:49.426497
2024;97;64;2026-02-20 13:54:51.729381
2025;97;69;2026-02-20 13:54:52.448266
2026;97;73;2026-02-20 13:54:53.978771
2027;97;75;2026-02-20 13:54:56.754187
2028;97;82;2026-02-20 13:54:57.294811
2029;97;86;2026-02-20 13:54:57.848875
2030;97;94;2026-02-20 13:54:59.357202
2031;97;97;2026-02-20 13:54:59.866307
2032;97;100;2026-02-20 13:55:00.602905
2033;97;105;2026-02-20 13:55:04.097639
2034;98;2;2026-02-20 15:02:04.289844
2035;98;5;2026-02-20 15:02:05.282462
2036;98;8;2026-02-20 15:02:07.68065
2037;98;9;2026-02-20 15:02:08.583939
2038;98;11;2026-02-20 15:02:09.376301
2039;98;13;2026-02-20 15:02:10.222087
2040;98;14;2026-02-20 15:02:10.742682
2041;98;16;2026-02-20 15:02:11.204983
2042;98;25;2026-02-20 15:02:12.280284
2043;98;28;2026-02-20 15:02:14.712729
2044;98;29;2026-02-20 15:02:15.471226
2045;98;32;2026-02-20 15:02:16.175583
2046;98;34;2026-02-20 15:02:21.190988
2047;98;38;2026-02-20 15:02:21.983216
2048;98;43;2026-02-20 15:02:22.834818
2049;98;52;2026-02-20 15:02:24.24791
2050;98;49;2026-02-20 15:02:26.152252
2051;98;61;2026-02-20 15:02:31.017147
2052;98;57;2026-02-20 15:02:31.903651
2053;98;64;2026-02-20 15:02:36.758689
2054;98;68;2026-02-20 15:02:38.015013
2055;98;73;2026-02-20 15:02:40.452997
2056;98;75;2026-02-20 15:02:44.886839
2057;98;82;2026-02-20 15:02:45.874488
2058;98;86;2026-02-20 15:02:46.445365
2059;98;94;2026-02-20 15:02:48.852124
2060;98;97;2026-02-20 15:02:49.714528
2061;98;100;2026-02-20 15:02:50.700511
2062;98;105;2026-02-20 15:02:53.192868
2063;98;108;2026-02-20 15:02:58.719809
2064;98;114;2026-02-20 15:02:59.356192
2065;99;2;2026-02-26 15:22:42.855039
2066;99;6;2026-02-26 15:22:43.603553
2067;99;9;2026-02-26 15:22:45.815254
2068;99;12;2026-02-26 15:22:46.41694
2069;99;13;2026-02-26 15:22:46.940199
2070;99;14;2026-02-26 15:22:47.45681
2071;99;20;2026-02-26 15:22:48.162865
2072;99;26;2026-02-26 15:22:48.672957
2073;99;28;2026-02-26 15:22:57.087022
2074;99;29;2026-02-26 15:22:57.732826
2075;99;32;2026-02-26 15:22:58.212492
2076;99;34;2026-02-26 15:23:00.080102
2077;99;38;2026-02-26 15:23:00.507592
2078;99;44;2026-02-26 15:23:00.920009
2079;99;117;2026-02-26 15:23:01.385663
2080;99;60;2026-02-26 15:23:06.327981
2081;99;54;2026-02-26 15:23:06.710168
2082;99;63;2026-02-26 15:23:09.59159
2083;99;68;2026-02-26 15:23:09.94262
2084;99;73;2026-02-26 15:23:11.547818
2085;99;75;2026-02-26 15:23:14.112614
2086;99;82;2026-02-26 15:23:14.509812
2087;99;86;2026-02-26 15:23:14.914164
2088;99;93;2026-02-26 15:23:16.632671
2089;99;96;2026-02-26 15:23:17.225107
2090;99;102;2026-02-26 15:23:17.727825
2091;99;104;2026-02-26 15:23:19.361357
2092;99;107;2026-02-26 15:23:21.155284
2093;99;113;2026-02-26 15:23:21.560023
2094;100;1;2026-02-26 15:27:22.524028
2095;100;2;2026-02-26 15:27:38.899556
2096;100;6;2026-02-26 15:27:40.814486
2097;100;8;2026-02-26 15:27:45.479374
2098;100;9;2026-02-26 15:27:47.631159
2099;100;12;2026-02-26 15:27:48.890814
2100;100;13;2026-02-26 15:27:52.312766
2101;101;1;2026-02-26 15:28:30.161246
2102;101;2;2026-02-26 15:28:37.421606
2103;101;6;2026-02-26 15:28:38.460405
2104;101;8;2026-02-26 15:28:43.316644
2105;101;9;2026-02-26 15:28:44.828262
2106;101;12;2026-02-26 15:28:45.791328
2107;101;13;2026-02-26 15:28:47.399102
2108;101;14;2026-02-26 15:28:48.608389
2109;101;16;2026-02-26 15:28:50.273339
2110;101;25;2026-02-26 15:28:51.829082
2111;101;27;2026-02-26 15:29:04.096872
2112;101;29;2026-02-26 15:29:05.42362
2113;101;31;2026-02-26 15:29:07.43469
2114;101;34;2026-02-26 15:29:14.446097
2115;101;39;2026-02-26 15:29:22.374815
2116;101;41;2026-02-26 15:30:10.431399
2117;101;48;2026-02-26 15:30:17.010321
2118;101;64;2026-02-26 15:30:26.418318
2119;101;69;2026-02-26 15:30:29.595679
2120;101;72;2026-02-26 15:30:52.251114
2121;101;75;2026-02-26 15:31:01.769778
2122;101;82;2026-02-26 15:31:03.469072
2123;101;86;2026-02-26 15:31:08.832504
2124;101;93;2026-02-26 15:31:15.642779
2125;101;96;2026-02-26 15:31:18.794067
2126;101;102;2026-02-26 15:31:21.112375
2127;101;105;2026-02-26 15:31:27.638618
2128;101;107;2026-02-26 15:31:41.384898
2129;101;113;2026-02-26 15:31:43.758615
2130;103;2;2026-02-26 15:39:52.312254
2131;103;6;2026-02-26 15:39:53.533293
2132;103;9;2026-02-26 15:39:59.326955
2133;103;10;2026-02-26 15:40:08.801361
2134;103;13;2026-02-26 15:40:09.948859
2135;103;14;2026-02-26 15:40:10.920733
2136;103;18;2026-02-26 15:40:13.76404
2137;103;24;2026-02-26 15:40:15.27291
2138;103;27;2026-02-26 15:40:52.940167
2139;103;29;2026-02-26 15:41:08.192216
2140;103;31;2026-02-26 15:41:22.894476
2141;103;35;2026-02-26 15:41:48.070635
2142;103;37;2026-02-26 15:49:48.17387
2143;103;43;2026-02-26 15:49:49.355021
2144;103;116;2026-02-26 15:49:51.471941
2145;103;119;2026-02-26 15:49:54.233935
2146;103;120;2026-02-26 15:49:56.622884
2147;103;118;2026-02-26 15:49:58.902236
2148;103;55;2026-02-26 15:50:00.716823
2149;103;54;2026-02-26 15:50:02.910901
2150;103;66;2026-02-26 15:50:09.276732
2151;103;68;2026-02-26 15:50:10.958749
2152;103;73;2026-02-26 15:50:20.735614
2153;103;74;2026-02-26 15:50:27.402758
2154;103;79;2026-02-26 15:50:30.098473
2155;103;83;2026-02-26 15:50:32.148805
2156;103;84;2026-02-26 15:50:33.904637
2157;103;88;2026-02-26 15:50:35.724711
2158;103;95;2026-02-26 15:50:37.136335
2159;103;103;2026-02-26 15:50:38.592622
2160;103;108;2026-02-26 15:50:44.211306
2161;103;110;2026-02-26 15:50:47.17597
2162;100;14;2026-02-26 21:11:59.53038
2163;100;20;2026-02-26 21:12:01.29004
2164;100;26;2026-02-26 21:12:02.269142
2165;100;27;2026-02-26 21:12:07.72935
2166;100;29;2026-02-26 21:12:08.739478
2167;100;31;2026-02-26 21:12:11.410969
2168;100;33;2026-02-26 21:12:16.324468
2169;100;37;2026-02-26 21:12:17.641611
2170;100;43;2026-02-26 21:12:19.807197
2171;100;116;2026-02-26 21:12:22.566415
2172;100;117;2026-02-26 21:12:24.278758
2173;100;61;2026-02-26 21:12:43.16179
2174;100;57;2026-02-26 21:12:51.276505
2175;100;66;2026-02-26 21:12:59.130444
2176;100;68;2026-02-26 21:13:01.07498
2177;100;71;2026-02-26 21:13:08.732366
2178;100;74;2026-02-26 21:13:15.132507
2179;100;77;2026-02-26 21:13:19.841324
2180;100;81;2026-02-26 21:13:23.707596
2181;100;85;2026-02-26 21:13:26.729709
2182;100;90;2026-02-26 21:13:30.567852
2183;100;96;2026-02-26 21:13:33.789001
2184;100;102;2026-02-26 21:13:37.702363
2185;100;104;2026-02-26 21:13:54.013253
2186;100;106;2026-02-26 21:14:02.309781
2187;100;110;2026-02-26 21:14:09.338145
2188;104;3;2026-02-26 22:32:45.308378
2189;104;2;2026-02-26 22:32:53.720976
2190;104;6;2026-02-26 22:32:54.755413
2191;104;9;2026-02-26 22:32:59.733673
2192;104;12;2026-02-26 22:34:20.146385
2193;104;13;2026-02-26 22:34:22.996061
2194;104;14;2026-02-26 22:34:24.140756
2195;104;17;2026-02-26 22:34:26.168368
2196;104;25;2026-02-26 22:34:28.104349
2197;104;27;2026-02-26 22:34:32.439164
2198;104;30;2026-02-26 22:34:34.882927
2199;104;31;2026-02-26 22:34:36.401167
2200;104;34;2026-02-26 22:34:41.544271
2201;104;39;2026-02-26 22:34:47.419555
2202;104;43;2026-02-26 22:34:50.692106
2203;104;119;2026-02-26 22:34:51.816161
2204;104;120;2026-02-26 22:34:53.366724
2205;104;117;2026-02-26 22:34:54.690046
2206;104;60;2026-02-26 22:35:02.13402
2207;104;54;2026-02-26 22:35:04.810846
2208;104;65;2026-02-26 22:35:13.19721
2209;104;70;2026-02-26 22:35:14.810542
2210;104;67;2026-02-26 22:35:16.770538
2211;104;72;2026-02-26 22:35:21.952525
2212;104;74;2026-02-26 22:35:27.981647
2213;104;78;2026-02-26 22:35:30.396654
2214;104;81;2026-02-26 22:35:33.308062
2215;104;84;2026-02-26 22:35:37.82645
2216;104;88;2026-02-26 22:35:39.946852
2217;104;96;2026-02-26 22:35:42.358308
2218;104;101;2026-02-26 22:35:44.968232
2219;104;105;2026-02-26 22:35:49.529188
2220;104;106;2026-02-26 22:35:57.8494
2221;104;112;2026-02-26 22:35:59.944885
2222;105;2;2026-02-27 15:45:38.680634
2223;105;6;2026-02-27 15:45:46.323751
2224;105;8;2026-02-27 15:45:50.583478
2225;105;9;2026-02-27 15:45:53.080414
2226;105;12;2026-02-27 15:47:26.139118
2227;105;13;2026-02-27 15:47:28.473573
2228;105;14;2026-02-27 15:47:29.371163
2229;105;19;2026-02-27 15:48:48.351906
2230;106;1;2026-03-01 14:14:11.616737
2231;106;2;2026-03-01 14:14:22.448134
2232;106;7;2026-03-01 14:14:25.449906
2233;106;9;2026-03-01 14:14:35.345564
2234;106;12;2026-03-01 14:14:38.995018
2235;106;13;2026-03-01 14:14:43.105255
2236;106;14;2026-03-01 14:14:44.483634
2237;106;18;2026-03-01 14:14:48.12594
2238;106;25;2026-03-01 14:14:49.898624
2239;106;27;2026-03-01 14:14:56.689908
2240;106;29;2026-03-01 14:15:05.610752
2241;106;31;2026-03-01 14:15:06.768985
2242;106;35;2026-03-01 14:15:19.584814
2243;106;38;2026-03-01 14:15:28.728408
2244;106;44;2026-03-01 14:15:35.288505
2245;106;117;2026-03-01 14:15:42.701815
2246;106;60;2026-03-01 14:17:24.578298
2247;106;53;2026-03-01 14:17:31.899117
2248;106;65;2026-03-01 14:17:58.487307
2249;106;68;2026-03-01 14:18:10.593885
2250;106;73;2026-03-01 14:18:25.813529
2251;106;74;2026-03-01 14:18:35.702461
2252;106;79;2026-03-01 14:18:40.713467
2253;106;80;2026-03-01 14:18:44.246187
2254;106;85;2026-03-01 14:19:11.391049
2255;106;89;2026-03-01 14:19:40.785822
2256;106;96;2026-03-01 14:19:43.842922
2257;106;102;2026-03-01 14:19:45.869997
2258;106;105;2026-03-01 14:19:52.308998
2259;106;106;2026-03-01 14:19:58.738242
2260;106;112;2026-03-01 14:20:02.704458
2261;107;2;2026-03-02 18:04:51.554206
2262;107;6;2026-03-02 18:04:52.61864
2263;107;8;2026-03-02 18:04:58.051039
2264;107;9;2026-03-02 18:04:59.197422
2265;107;12;2026-03-02 18:05:00.64535
2266;107;13;2026-03-02 18:05:04.154092
2267;107;14;2026-03-02 18:05:05.079252
2268;107;17;2026-03-02 18:05:07.955724
2269;107;26;2026-03-02 18:10:29.094581
2270;107;28;2026-03-02 18:10:39.417544
2271;107;30;2026-03-02 18:10:48.369639
2272;107;31;2026-03-02 18:10:52.686032
2273;107;34;2026-03-02 18:11:01.244229
2274;107;39;2026-03-02 18:11:18.247251
2275;107;47;2026-03-02 18:11:21.388176
2276;107;45;2026-03-02 18:11:23.926872
2277;107;123;2026-03-02 18:11:26.239358
2278;107;125;2026-03-02 18:11:29.526261
2279;107;122;2026-03-02 18:11:31.638237
2280;108;3;2026-03-06 11:39:46.867325
2281;108;1;2026-03-06 11:40:01.937627
2282;108;2;2026-03-06 11:40:10.425617
2283;108;4;2026-03-06 11:40:17.674806
2284;108;9;2026-03-06 11:40:30.756846
2285;108;12;2026-03-06 11:40:41.857969
2286;108;13;2026-03-06 11:40:49.884976
2287;108;14;2026-03-06 11:40:55.984872
2288;108;20;2026-03-06 11:41:06.205438
2289;108;25;2026-03-06 11:41:14.215734
2290;108;27;2026-03-06 11:43:44.610045
2291;108;30;2026-03-06 11:44:02.164263
2292;108;31;2026-03-06 11:44:10.954814
2293;108;35;2026-03-06 11:45:51.481466
2294;108;40;2026-03-06 11:46:19.805764
2295;108;37;2026-03-06 11:46:30.599562
2296;108;44;2026-03-06 11:47:11.937447
2297;108;117;2026-03-06 11:47:19.374523
2298;108;60;2026-03-06 11:48:22.067539
2299;108;55;2026-03-06 11:48:28.794657
2300;108;53;2026-03-06 11:48:32.956383
2301;108;66;2026-03-06 11:49:24.47644
2302;108;68;2026-03-06 11:49:32.741428
2303;108;73;2026-03-06 11:49:49.843608
2304;108;74;2026-03-06 11:50:13.845731
2305;108;76;2026-03-06 11:50:25.060264
2306;108;80;2026-03-06 11:50:35.502444
2307;108;86;2026-03-06 11:50:51.235692
2308;108;93;2026-03-06 11:51:11.554277
2309;108;96;2026-03-06 11:51:22.69629
2310;108;102;2026-03-06 11:51:28.270454
2311;108;105;2026-03-06 11:51:39.165939
2312;108;107;2026-03-06 11:51:52.259381
2313;108;113;2026-03-06 11:52:03.930456
2314;111;2;2026-03-06 14:23:48.20945
2315;111;5;2026-03-06 14:23:50.119292
2316;111;9;2026-03-06 14:23:54.694194
2317;111;10;2026-03-06 14:23:59.84963
2318;111;13;2026-03-06 14:24:02.151703
2319;111;14;2026-03-06 14:24:04.094774
2320;111;16;2026-03-06 14:24:05.559606
2321;111;25;2026-03-06 14:24:06.607612
2322;111;28;2026-03-06 14:24:10.312323
2323;111;30;2026-03-06 14:24:13.116668
2324;111;31;2026-03-06 14:24:16.934652
2325;111;34;2026-03-06 14:24:24.039084
2326;111;38;2026-03-06 14:24:26.162428
2327;111;42;2026-03-06 14:24:28.615239
2328;111;49;2026-03-06 14:24:30.504103
2329;111;60;2026-03-06 14:24:43.505513
2330;111;54;2026-03-06 14:24:45.929149
2331;111;63;2026-03-06 14:24:52.942335
2332;111;68;2026-03-06 14:24:54.327038
2333;111;72;2026-03-06 14:24:59.740162
2334;111;74;2026-03-06 14:25:11.594655
2335;111;77;2026-03-06 14:25:14.218175
2336;111;80;2026-03-06 14:25:16.488398
2337;111;84;2026-03-06 14:25:21.097623
2338;111;87;2026-03-06 14:25:26.006041
2339;111;96;2026-03-06 14:25:28.977426
2340;111;101;2026-03-06 14:25:31.940569
2341;111;103;2026-03-06 14:25:35.978176
2342;111;107;2026-03-06 14:25:45.195011
2343;111;110;2026-03-06 14:25:48.081601
2344;112;1;2026-03-06 15:00:54.384142
2345;112;3;2026-03-06 15:01:03.469344
2346;112;2;2026-03-06 15:01:08.422718
2347;112;6;2026-03-06 15:01:14.750382
2348;112;9;2026-03-06 15:01:24.512104
2349;112;12;2026-03-06 15:01:42.275976
2350;112;13;2026-03-06 15:01:44.636376
2351;112;14;2026-03-06 15:01:45.506738
2352;113;1;2026-03-09 09:56:56.414087
2353;113;3;2026-03-09 09:57:31.209754
2354;113;2;2026-03-09 09:57:49.535734
2355;113;5;2026-03-09 09:57:57.512331
2356;113;8;2026-03-09 09:58:05.891332
2357;113;9;2026-03-09 09:58:10.762133
2358;113;12;2026-03-09 09:58:24.586722
2359;113;13;2026-03-09 09:58:28.435204
2360;113;14;2026-03-09 09:58:30.47904
2361;113;20;2026-03-09 09:58:40.851742
2362;113;26;2026-03-09 09:58:43.126273
2363;113;28;2026-03-09 09:58:56.799399
2364;113;29;2026-03-09 09:59:09.105747
2365;113;31;2026-03-09 09:59:14.110058
2366;113;34;2026-03-09 10:06:21.038775
2367;113;39;2026-03-09 10:06:47.495001
2368;113;45;2026-03-09 10:07:33.362228
2369;113;121;2026-03-09 10:08:16.374893
2370;113;124;2026-03-09 10:08:23.993721
2371;113;56;2026-03-09 10:08:34.373581
2372;113;62;2026-03-09 10:09:22.638467
2373;113;68;2026-03-09 10:09:31.51346
2374;113;72;2026-03-09 10:09:42.196687
2375;113;74;2026-03-09 10:10:00.140911
2376;113;77;2026-03-09 10:10:01.933189
2377;113;81;2026-03-09 10:10:05.357624
2378;113;85;2026-03-09 10:10:07.666146
2379;113;90;2026-03-09 10:10:13.045591
2380;113;96;2026-03-09 10:10:16.860583
2381;113;102;2026-03-09 10:10:22.123785
2382;113;105;2026-03-09 10:10:31.317201
2383;113;107;2026-03-09 10:10:41.730435
2384;113;113;2026-03-09 10:10:48.068874
2385;114;2;2026-03-09 10:18:19.629162
2386;114;6;2026-03-09 10:18:21.033992
2387;114;9;2026-03-09 10:18:26.191174
2388;114;11;2026-03-09 10:18:30.592102
2389;114;13;2026-03-09 10:18:32.654803
2390;114;14;2026-03-09 10:18:35.647114
2391;114;17;2026-03-09 10:18:37.968444
2392;114;26;2026-03-09 10:18:39.609371
2393;114;27;2026-03-09 10:18:44.330605
2394;114;29;2026-03-09 10:18:58.288938
2395;114;31;2026-03-09 10:19:02.584485
2396;114;35;2026-03-09 10:19:14.248826
2397;114;38;2026-03-09 10:20:04.561554
2398;114;43;2026-03-09 10:22:34.309798
2399;114;116;2026-03-09 10:22:38.439109
2400;114;118;2026-03-09 10:22:45.686863
2401;114;53;2026-03-09 12:53:07.946524
2402;115;1;2026-03-09 13:15:07.647741
2403;115;3;2026-03-09 13:15:26.268212
2404;115;2;2026-03-09 13:15:35.473871
2405;115;5;2026-03-09 13:15:41.890447
